OrderID,OrderDate,Region,Segment,Category,SubCategory,Quantity,Sales,Discount,Profit
649,2023-01-01,West,Home Office,Office Supplies,Storage,9,246.52,0.2,39.8
2035,2023-01-01,South,Corporate,Office Supplies,Binders,9,272.59,0.0,43.56
1138,2023-01-01,South,Consumer,Technology,Accessories,4,1995.38,0.0,100.45
1978,2023-01-01,West,Home Office,Technology,Phones,6,2184.0,0.15,277.47
756,2023-01-01,North,Consumer,Technology,Machines,9,2524.19,0.0,541.67
980,2023-01-01,West,Home Office,Technology,Phones,1,617.04,0.2,72.2
69,2023-01-02,South,Consumer,Technology,Phones,9,2160.48,0.1,8.76
1916,2023-01-02,East,Home Office,Office Supplies,Paper,6,186.67,0.0,47.58
2136,2023-01-02,North,Consumer,Furniture,Chairs,7,1169.79,0.1,47.71
1802,2023-01-02,East,Home Office,Office Supplies,Binders,1,63.24,0.1,15.96
269,2023-01-02,North,Home Office,Office Supplies,Paper,5,286.99,0.3,-25.65
213,2023-01-02,North,Home Office,Technology,Machines,7,4032.3,0.3,551.84
884,2023-01-03,South,Corporate,Office Supplies,Binders,7,289.96,0.1,60.84
1493,2023-01-03,East,Home Office,Technology,Phones,5,1512.49,0.3,156.73
2090,2023-01-03,North,Home Office,Technology,Machines,3,787.52,0.1,175.91
1551,2023-01-03,East,Corporate,Furniture,Chairs,4,1180.18,0.15,208.11
956,2023-01-04,North,Home Office,Office Supplies,Storage,5,303.81,0.2,19.58
1301,2023-01-04,West,Consumer,Office Supplies,Paper,5,169.52,0.2,8.74
133,2023-01-05,North,Home Office,Technology,Machines,7,2851.33,0.15,-27.34
1025,2023-01-05,South,Home Office,Office Supplies,Storage,4,144.89,0.1,15.15
722,2023-01-05,North,Consumer,Furniture,Chairs,6,1940.81,0.0,618.89
834,2023-01-05,South,Consumer,Furniture,Tables,8,2671.91,0.0,505.04
421,2023-01-05,West,Corporate,Office Supplies,Binders,2,101.34,0.1,12.02
952,2023-01-06,West,Consumer,Office Supplies,Binders,4,213.46,0.15,43.78
2347,2023-01-07,South,Home Office,Furniture,Tables,7,2395.6,0.0,618.74
1835,2023-01-07,South,Home Office,Furniture,Bookcases,2,495.82,0.2,97.13
1252,2023-01-07,North,Home Office,Office Supplies,Storage,7,188.45,0.0,49.56
883,2023-01-07,North,Corporate,Office Supplies,Storage,5,313.13,0.0,60.85
1688,2023-01-07,West,Corporate,Technology,Phones,5,2495.17,0.0,314.66
1619,2023-01-07,East,Consumer,Office Supplies,Paper,4,99.94,0.3,2.55
863,2023-01-08,North,Consumer,Furniture,Chairs,4,1421.8,0.15,197.65
2514,2023-01-08,South,Consumer,Technology,Accessories,5,1319.81,0.0,168.69
2012,2023-01-08,West,Home Office,Office Supplies,Binders,4,197.35,0.0,33.84
1228,2023-01-08,East,Corporate,Technology,Phones,5,2290.73,0.0,626.86
2942,2023-01-08,East,Home Office,Furniture,Chairs,8,2586.26,0.1,49.94
694,2023-01-08,East,Corporate,Furniture,Tables,3,851.56,0.15,174.94
599,2023-01-09,West,Corporate,Office Supplies,Binders,1,42.4,0.0,6.82
1819,2023-01-09,North,Consumer,Office Supplies,Storage,1,36.27,0.3,1.58
276,2023-01-09,East,Consumer,Furniture,Chairs,3,813.29,0.15,102.34
990,2023-01-10,South,Corporate,Furniture,Bookcases,5,1955.78,0.1,348.65
2170,2023-01-10,West,Corporate,Furniture,Bookcases,9,1480.94,0.2,24.71
1943,2023-01-10,West,Home Office,Technology,Machines,5,2247.4,0.0,191.71
2499,2023-01-10,West,Home Office,Office Supplies,Binders,2,94.23,0.0,18.19
2666,2023-01-10,North,Home Office,Office Supplies,Paper,6,179.78,0.0,20.79
719,2023-01-10,West,Corporate,Office Supplies,Paper,8,463.95,0.0,46.51
1100,2023-01-11,East,Home Office,Technology,Phones,1,416.34,0.1,92.57
1516,2023-01-11,West,Home Office,Office Supplies,Paper,8,477.19,0.1,81.0
1779,2023-01-11,South,Consumer,Office Supplies,Storage,2,125.13,0.0,36.24
1347,2023-01-11,North,Corporate,Furniture,Chairs,8,1851.66,0.0,390.03
2378,2023-01-12,South,Home Office,Technology,Phones,9,4078.39,0.0,1367.29
2099,2023-01-12,West,Consumer,Office Supplies,Paper,7,363.6,0.1,59.06
2681,2023-01-12,West,Consumer,Furniture,Bookcases,4,733.39,0.2,34.94
1401,2023-01-12,West,Home Office,Furniture,Tables,1,225.4,0.1,0.65
513,2023-01-12,West,Consumer,Office Supplies,Paper,5,252.45,0.15,10.21
2282,2023-01-12,West,Home Office,Office Supplies,Storage,1,26.9,0.0,5.61
1987,2023-01-12,West,Corporate,Technology,Phones,6,3006.54,0.1,136.06
1847,2023-01-12,South,Corporate,Furniture,Tables,4,770.11,0.1,101.2
2334,2023-01-12,East,Home Office,Furniture,Chairs,2,427.56,0.1,18.27
688,2023-01-12,North,Corporate,Furniture,Chairs,5,1106.48,0.15,256.4
994,2023-01-13,North,Consumer,Office Supplies,Storage,8,509.7,0.0,36.55
2455,2023-01-13,North,Home Office,Office Supplies,Storage,2,101.63,0.0,12.88
2673,2023-01-13,West,Home Office,Furniture,Bookcases,2,740.76,0.0,102.74
1924,2023-01-14,West,Consumer,Office Supplies,Storage,7,267.43,0.1,67.15
2683,2023-01-14,West,Corporate,Furniture,Chairs,1,376.37,0.1,106.6
1846,2023-01-14,South,Home Office,Technology,Machines,1,492.24,0.3,47.82
54,2023-01-14,North,Home Office,Office Supplies,Storage,4,225.05,0.1,65.0
139,2023-01-15,North,Home Office,Technology,Accessories,9,4703.87,0.1,394.52
1084,2023-01-15,East,Consumer,Office Supplies,Paper,5,288.84,0.1,68.92
1060,2023-01-15,East,Home Office,Office Supplies,Storage,3,111.7,0.0,31.23
890,2023-01-15,South,Corporate,Furniture,Tables,5,1605.97,0.0,459.22
98,2023-01-15,West,Corporate,Furniture,Tables,6,1185.16,0.15,275.4
1463,2023-01-16,East,Corporate,Furniture,Bookcases,8,2643.71,0.3,-239.33
491,2023-01-16,North,Consumer,Furniture,Chairs,8,2955.38,0.0,782.02
2978,2023-01-16,South,Consumer,Office Supplies,Paper,8,333.56,0.2,69.43
1423,2023-01-16,West,Corporate,Technology,Phones,9,2513.23,0.1,528.28
2489,2023-01-17,West,Consumer,Technology,Machines,9,5364.03,0.1,392.58
1397,2023-01-17,North,Home Office,Technology,Machines,4,2239.99,0.3,-20.23
341,2023-01-17,East,Corporate,Office Supplies,Storage,2,98.22,0.1,23.88
1377,2023-01-17,South,Consumer,Office Supplies,Binders,4,165.8,0.3,-3.83
1315,2023-01-17,North,Home Office,Office Supplies,Paper,1,50.73,0.15,4.79
1644,2023-01-17,North,Corporate,Furniture,Tables,6,1086.75,0.3,-95.55
1670,2023-01-17,East,Home Office,Office Supplies,Storage,2,114.58,0.1,22.21
2525,2023-01-17,West,Corporate,Office Supplies,Binders,4,114.91,0.0,21.11
366,2023-01-18,West,Home Office,Office Supplies,Storage,8,456.07,0.15,26.05
1205,2023-01-18,East,Corporate,Technology,Machines,8,4580.53,0.0,979.45
560,2023-01-19,East,Home Office,Technology,Machines,4,1610.13,0.3,133.84
2738,2023-01-19,North,Consumer,Office Supplies,Paper,2,99.65,0.0,11.15
2642,2023-01-19,South,Home Office,Office Supplies,Paper,7,420.85,0.3,42.28
1204,2023-01-19,East,Consumer,Technology,Phones,5,2378.27,0.1,298.53
2063,2023-01-19,West,Consumer,Office Supplies,Storage,8,341.47,0.2,-5.71
1543,2023-01-20,South,Home Office,Office Supplies,Paper,2,79.04,0.0,4.32
2698,2023-01-20,North,Corporate,Technology,Accessories,3,1088.85,0.15,243.42
2708,2023-01-20,North,Home Office,Technology,Machines,5,3176.47,0.2,632.89
2688,2023-01-20,North,Corporate,Office Supplies,Binders,7,380.51,0.1,107.8
391,2023-01-20,North,Consumer,Technology,Accessories,5,2269.32,0.2,63.01
1976,2023-01-20,West,Home Office,Office Supplies,Paper,4,164.4,0.0,47.79
2110,2023-01-21,East,Corporate,Technology,Machines,8,4534.66,0.15,866.71
2848,2023-01-21,West,Home Office,Office Supplies,Binders,6,187.41,0.0,18.56
1717,2023-01-21,West,Consumer,Technology,Phones,9,4128.25,0.1,854.58
7,2023-01-21,West,Home Office,Technology,Machines,5,1266.38,0.0,311.46
1908,2023-01-21,North,Consumer,Furniture,Bookcases,6,2225.69,0.3,52.23
48,2023-01-21,North,Consumer,Office Supplies,Binders,2,87.11,0.1,25.1
2483,2023-01-21,South,Home Office,Technology,Phones,2,826.7,0.1,184.49
320,2023-01-22,West,Corporate,Furniture,Bookcases,9,1571.84,0.0,198.49
1841,2023-01-22,West,Consumer,Office Supplies,Storage,2,112.42,0.0,19.74
30,2023-01-22,West,Corporate,Technology,Accessories,1,422.49,0.0,36.46
1710,2023-01-22,East,Consumer,Technology,Accessories,6,2619.87,0.0,247.28
2886,2023-01-22,South,Corporate,Technology,Accessories,6,3251.76,0.0,873.99
1674,2023-01-22,West,Consumer,Furniture,Chairs,7,2434.3,0.1,143.5
2643,2023-01-23,East,Home Office,Technology,Phones,4,2305.33,0.1,289.11
481,2023-01-23,East,Consumer,Furniture,Chairs,7,1944.41,0.1,544.61
746,2023-01-23,South,Home Office,Office Supplies,Binders,1,33.57,0.0,9.94
1105,2023-01-23,West,Corporate,Office Supplies,Binders,1,41.57,0.2,3.2
1042,2023-01-23,West,Corporate,Office Supplies,Paper,5,126.27,0.0,30.29
1880,2023-01-24,East,Consumer,Office Supplies,Binders,4,114.14,0.1,14.52
1165,2023-01-25,West,Consumer,Furniture,Chairs,2,333.31,0.3,52.36
2369,2023-01-25,West,Consumer,Office Supplies,Binders,4,248.05,0.1,49.69
578,2023-01-25,South,Corporate,Furniture,Chairs,7,1227.04,0.1,118.8
1383,2023-01-25,East,Home Office,Office Supplies,Paper,8,224.07,0.15,-8.44
906,2023-01-25,West,Consumer,Technology,Phones,6,1831.48,0.0,279.41
966,2023-01-26,East,Consumer,Office Supplies,Paper,6,242.22,0.0,70.9
2923,2023-01-26,South,Home Office,Technology,Machines,7,3521.15,0.0,286.9
861,2023-01-26,East,Corporate,Furniture,Chairs,7,1877.44,0.1,42.1
2168,2023-01-26,South,Home Office,Office Supplies,Binders,4,211.01,0.0,35.55
1323,2023-01-27,East,Corporate,Office Supplies,Binders,4,119.9,0.1,28.7
328,2023-01-27,South,Corporate,Furniture,Tables,5,1881.92,0.2,-20.58
1742,2023-01-27,North,Consumer,Office Supplies,Paper,2,57.7,0.0,7.16
874,2023-01-28,East,Corporate,Office Supplies,Storage,4,213.67,0.0,32.82
2872,2023-01-28,West,Home Office,Office Supplies,Binders,7,316.72,0.15,-3.71
117,2023-01-28,West,Consumer,Office Supplies,Storage,6,241.38,0.0,67.28
1930,2023-01-28,South,Corporate,Furniture,Tables,3,896.53,0.0,105.61
894,2023-01-28,West,Consumer,Office Supplies,Binders,4,205.03,0.0,34.62
164,2023-01-28,North,Corporate,Furniture,Bookcases,3,701.76,0.15,92.33
1344,2023-01-29,South,Corporate,Office Supplies,Storage,8,304.0,0.1,17.52
1304,2023-01-29,West,Consumer,Office Supplies,Storage,9,239.82,0.0,21.19
1126,2023-01-29,North,Consumer,Technology,Machines,6,3758.01,0.3,486.73
1689,2023-01-29,North,Corporate,Office Supplies,Binders,7,365.42,0.1,53.98
1478,2023-01-29,South,Home Office,Furniture,Tables,4,1593.39,0.15,47.09
2497,2023-01-29,North,Corporate,Furniture,Bookcases,2,405.38,0.15,5.3
613,2023-01-29,North,Corporate,Furniture,Tables,6,2195.34,0.0,702.19
2645,2023-01-30,North,Home Office,Furniture,Chairs,2,665.43,0.0,153.81
1622,2023-01-31,North,Consumer,Office Supplies,Storage,8,427.26,0.0,129.88
1195,2023-02-01,East,Corporate,Office Supplies,Paper,3,99.3,0.1,11.65
2905,2023-02-01,North,Home Office,Technology,Machines,2,492.59,0.1,9.19
1690,2023-02-02,North,Consumer,Office Supplies,Storage,3,160.06,0.0,24.66
120,2023-02-02,East,Corporate,Technology,Phones,1,445.54,0.1,44.9
315,2023-02-02,North,Consumer,Technology,Phones,4,1225.68,0.0,244.88
763,2023-02-03,West,Consumer,Furniture,Bookcases,2,523.98,0.1,135.55
917,2023-02-03,East,Corporate,Furniture,Tables,6,1222.28,0.0,134.87
1314,2023-02-03,North,Corporate,Office Supplies,Storage,2,94.15,0.15,1.73
64,2023-02-04,North,Home Office,Furniture,Bookcases,8,2010.21,0.3,-67.45
518,2023-02-04,East,Consumer,Office Supplies,Binders,6,188.78,0.0,19.87
1872,2023-02-04,South,Home Office,Office Supplies,Paper,8,310.86,0.2,-3.97
1980,2023-02-04,West,Home Office,Office Supplies,Paper,1,32.63,0.15,7.85
389,2023-02-05,East,Home Office,Office Supplies,Paper,2,117.28,0.0,33.24
2235,2023-02-05,West,Home Office,Technology,Accessories,9,2906.33,0.3,230.13
153,2023-02-05,East,Home Office,Office Supplies,Storage,6,150.79,0.0,20.25
2154,2023-02-05,North,Corporate,Office Supplies,Paper,4,165.79,0.2,19.5
1662,2023-02-06,North,Corporate,Technology,Machines,2,1032.74,0.1,254.27
274,2023-02-06,North,Consumer,Technology,Phones,1,330.43,0.2,69.1
350,2023-02-06,East,Home Office,Office Supplies,Binders,5,267.01,0.1,36.43
1582,2023-02-06,West,Corporate,Office Supplies,Paper,8,222.33,0.0,12.41
547,2023-02-06,South,Home Office,Furniture,Tables,9,3043.91,0.1,86.28
1576,2023-02-07,West,Home Office,Furniture,Tables,2,538.16,0.0,125.37
322,2023-02-07,North,Consumer,Furniture,Bookcases,1,280.92,0.0,53.65
2705,2023-02-07,South,Corporate,Technology,Machines,5,2007.91,0.2,318.18
896,2023-02-08,South,Home Office,Furniture,Bookcases,9,1893.61,0.15,36.03
585,2023-02-08,East,Home Office,Office Supplies,Storage,3,137.29,0.1,13.31
1051,2023-02-08,West,Home Office,Office Supplies,Binders,7,203.3,0.2,17.01
1455,2023-02-08,North,Consumer,Office Supplies,Storage,7,390.8,0.0,73.53
637,2023-02-08,East,Corporate,Office Supplies,Paper,5,309.51,0.15,12.53
1703,2023-02-08,East,Home Office,Furniture,Tables,6,2104.39,0.0,224.48
1998,2023-02-08,South,Home Office,Office Supplies,Paper,3,116.56,0.3,9.52
382,2023-02-08,West,Home Office,Office Supplies,Binders,5,284.05,0.1,32.86
2147,2023-02-08,West,Home Office,Office Supplies,Paper,7,300.22,0.0,50.58
1384,2023-02-08,North,Consumer,Office Supplies,Binders,2,125.04,0.1,32.02
2599,2023-02-08,South,Corporate,Office Supplies,Paper,2,75.85,0.0,20.15
1477,2023-02-08,West,Home Office,Technology,Machines,2,994.06,0.1,226.33
948,2023-02-09,North,Corporate,Office Supplies,Binders,8,466.3,0.0,44.09
1570,2023-02-09,East,Corporate,Office Supplies,Storage,4,113.2,0.2,-2.51
2964,2023-02-09,West,Corporate,Office Supplies,Paper,1,62.4,0.0,17.06
1587,2023-02-09,West,Home Office,Furniture,Chairs,7,1892.37,0.15,433.7
1597,2023-02-09,East,Home Office,Furniture,Bookcases,3,787.3,0.0,262.13
1596,2023-02-09,South,Home Office,Office Supplies,Storage,2,124.78,0.1,18.33
116,2023-02-10,East,Consumer,Office Supplies,Storage,7,338.7,0.2,59.41
704,2023-02-10,East,Corporate,Office Supplies,Binders,2,94.25,0.3,1.97
96,2023-02-10,West,Home Office,Technology,Phones,6,1701.34,0.1,237.29
1313,2023-02-10,West,Corporate,Technology,Phones,2,1162.36,0.0,240.73
588,2023-02-11,West,Home Office,Technology,Phones,9,2873.51,0.2,102.75
1311,2023-02-11,West,Consumer,Office Supplies,Binders,9,327.98,0.0,49.8
1032,2023-02-11,East,Home Office,Furniture,Tables,5,883.61,0.15,186.29
1382,2023-02-11,West,Consumer,Office Supplies,Storage,3,156.49,0.0,52.04
2337,2023-02-11,East,Corporate,Furniture,Chairs,4,1415.41,0.0,288.85
2518,2023-02-12,North,Consumer,Office Supplies,Paper,4,189.68,0.3,-4.98
2104,2023-02-12,South,Home Office,Office Supplies,Paper,6,240.56,0.15,16.46
509,2023-02-12,North,Corporate,Furniture,Bookcases,2,332.64,0.2,41.21
2873,2023-02-12,East,Consumer,Office Supplies,Binders,1,58.28,0.15,13.99
815,2023-02-12,North,Consumer,Technology,Accessories,9,5186.17,0.1,8.94
2389,2023-02-12,South,Consumer,Technology,Accessories,7,4434.08,0.1,225.39
2927,2023-02-13,North,Home Office,Office Supplies,Storage,1,45.05,0.0,10.31
2631,2023-02-13,West,Consumer,Technology,Phones,6,1584.96,0.1,368.5
1396,2023-02-13,North,Home Office,Office Supplies,Storage,7,335.51,0.2,14.92
845,2023-02-15,East,Home Office,Technology,Accessories,1,486.04,0.1,62.14
1791,2023-02-15,North,Consumer,Office Supplies,Storage,8,242.12,0.1,60.98
346,2023-02-15,West,Home Office,Technology,Phones,7,3281.01,0.1,92.76
1640,2023-02-15,West,Corporate,Technology,Phones,8,3883.06,0.1,722.79
468,2023-02-16,West,Consumer,Furniture,Chairs,4,1205.9,0.1,-2.25
851,2023-02-16,North,Consumer,Technology,Accessories,4,1149.38,0.1,74.74
1421,2023-02-16,East,Corporate,Technology,Phones,2,655.84,0.0,154.17
1538,2023-02-16,East,Consumer,Furniture,Bookcases,9,1363.7,0.1,394.78
1089,2023-02-16,East,Home Office,Technology,Phones,2,1026.96,0.0,277.99
2757,2023-02-16,North,Consumer,Office Supplies,Paper,9,311.11,0.0,67.42
676,2023-02-16,South,Corporate,Technology,Phones,2,902.06,0.15,27.02
425,2023-02-16,South,Home Office,Office Supplies,Storage,3,112.8,0.2,-4.91
858,2023-02-17,West,Home Office,Technology,Phones,7,3656.96,0.1,246.15
121,2023-02-17,South,Home Office,Technology,Accessories,7,2972.81,0.3,233.0
2783,2023-02-18,West,Consumer,Furniture,Chairs,6,1049.29,0.0,52.97
1177,2023-02-18,South,Home Office,Technology,Phones,5,2131.54,0.1,66.24
2178,2023-02-18,West,Home Office,Furniture,Tables,3,594.93,0.1,115.76
339,2023-02-18,East,Consumer,Office Supplies,Storage,4,124.33,0.0,41.9
2771,2023-02-19,East,Home Office,Technology,Machines,4,2459.81,0.0,658.69
2182,2023-02-19,West,Home Office,Technology,Machines,8,3253.38,0.0,541.79
401,2023-02-20,East,Corporate,Office Supplies,Storage,6,334.35,0.0,35.37
757,2023-02-20,North,Consumer,Technology,Phones,6,2052.44,0.2,192.76
832,2023-02-20,West,Corporate,Technology,Phones,7,2868.8,0.3,93.86
2118,2023-02-20,North,Consumer,Office Supplies,Paper,8,431.03,0.0,89.09
1236,2023-02-20,South,Home Office,Technology,Accessories,3,1721.96,0.3,196.86
1125,2023-02-20,North,Home Office,Office Supplies,Storage,1,56.36,0.15,1.38
222,2023-02-22,East,Corporate,Furniture,Chairs,4,1058.32,0.0,82.69
91,2023-02-22,North,Consumer,Office Supplies,Storage,1,61.9,0.0,16.56
418,2023-02-22,West,Corporate,Furniture,Tables,8,2697.93,0.0,648.65
2039,2023-02-22,North,Corporate,Office Supplies,Binders,3,96.63,0.0,23.68
811,2023-02-22,East,Consumer,Office Supplies,Storage,8,263.07,0.2,29.6
1276,2023-02-22,West,Corporate,Office Supplies,Binders,2,119.83,0.0,18.69
1232,2023-02-23,West,Consumer,Office Supplies,Paper,9,321.45,0.0,88.08
414,2023-02-23,North,Consumer,Technology,Machines,5,2945.25,0.0,577.9
284,2023-02-23,South,Consumer,Office Supplies,Paper,7,429.64,0.15,88.93
1537,2023-02-23,South,Home Office,Office Supplies,Storage,8,505.39,0.0,65.48
775,2023-02-23,South,Home Office,Office Supplies,Storage,5,249.15,0.0,24.58
1355,2023-02-24,West,Home Office,Office Supplies,Storage,5,237.66,0.0,59.54
1223,2023-02-24,West,Corporate,Furniture,Bookcases,8,1315.14,0.15,98.54
2719,2023-02-24,East,Corporate,Office Supplies,Paper,2,84.25,0.1,16.44
2281,2023-02-24,South,Corporate,Technology,Phones,9,3893.15,0.0,1106.62
1217,2023-02-24,South,Consumer,Technology,Accessories,1,316.32,0.1,20.87
855,2023-02-25,East,Corporate,Technology,Machines,2,828.59,0.0,138.03
870,2023-02-25,West,Home Office,Furniture,Bookcases,7,1319.06,0.3,128.27
2403,2023-02-25,East,Corporate,Office Supplies,Paper,9,474.99,0.1,136.77
2888,2023-02-26,East,Corporate,Technology,Phones,8,2759.4,0.2,379.26
2707,2023-02-26,South,Home Office,Technology,Accessories,9,2724.02,0.15,331.8
443,2023-02-27,East,Consumer,Furniture,Tables,6,1274.62,0.0,389.54
436,2023-02-27,South,Corporate,Furniture,Chairs,5,1101.69,0.1,146.1
2922,2023-02-27,South,Corporate,Office Supplies,Binders,6,345.25,0.3,4.06
660,2023-02-27,South,Consumer,Furniture,Tables,5,1968.46,0.2,-102.36
644,2023-02-27,South,Home Office,Office Supplies,Binders,7,229.51,0.1,52.54
2256,2023-02-27,South,Home Office,Office Supplies,Storage,4,179.71,0.0,22.34
1983,2023-02-28,South,Consumer,Furniture,Tables,9,2082.96,0.3,322.44
1869,2023-02-28,West,Corporate,Office Supplies,Storage,1,46.12,0.1,4.94
1285,2023-02-28,East,Home Office,Office Supplies,Binders,3,97.67,0.0,13.7
34,2023-02-28,West,Home Office,Technology,Phones,1,273.76,0.0,88.44
1735,2023-03-01,East,Consumer,Technology,Phones,4,2390.06,0.0,291.78
2727,2023-03-01,East,Consumer,Office Supplies,Storage,6,160.66,0.0,52.05
2186,2023-03-01,East,Corporate,Office Supplies,Binders,9,564.21,0.1,155.21
2392,2023-03-01,North,Home Office,Office Supplies,Storage,5,133.14,0.15,1.24
1509,2023-03-02,North,Consumer,Technology,Phones,1,550.46,0.1,126.19
830,2023-03-02,North,Corporate,Furniture,Tables,6,1772.8,0.0,165.53
1380,2023-03-02,West,Consumer,Technology,Phones,7,3307.1,0.1,362.43
554,2023-03-03,South,Consumer,Technology,Accessories,5,2859.88,0.1,193.01
1548,2023-03-03,North,Consumer,Technology,Phones,7,4448.75,0.15,-82.66
1517,2023-03-03,South,Home Office,Furniture,Chairs,6,2265.62,0.0,456.6
2429,2023-03-04,South,Consumer,Technology,Machines,5,2679.59,0.0,431.1
1185,2023-03-04,North,Consumer,Office Supplies,Binders,6,259.8,0.0,55.2
105,2023-03-04,North,Corporate,Furniture,Bookcases,1,346.89,0.0,76.05
1172,2023-03-04,South,Corporate,Office Supplies,Paper,5,140.16,0.0,14.45
731,2023-03-04,South,Consumer,Furniture,Bookcases,5,1128.35,0.1,81.06
1767,2023-03-05,North,Home Office,Technology,Phones,7,2474.77,0.0,200.07
99,2023-03-06,North,Consumer,Technology,Machines,2,1253.64,0.0,383.95
725,2023-03-06,South,Consumer,Furniture,Tables,3,461.62,0.0,107.1
2454,2023-03-06,West,Consumer,Office Supplies,Paper,5,210.98,0.0,35.59
2077,2023-03-06,East,Corporate,Office Supplies,Binders,3,184.18,0.0,42.98
2889,2023-03-07,East,Home Office,Office Supplies,Paper,3,92.51,0.0,21.29
1931,2023-03-07,West,Corporate,Office Supplies,Paper,5,238.57,0.1,19.33
2671,2023-03-07,North,Home Office,Office Supplies,Paper,9,566.34,0.15,10.46
2925,2023-03-07,West,Home Office,Office Supplies,Paper,7,240.98,0.0,52.5
2254,2023-03-08,North,Consumer,Technology,Phones,8,3941.05,0.0,767.04
909,2023-03-08,West,Corporate,Furniture,Chairs,8,1248.85,0.1,112.25
2346,2023-03-08,East,Corporate,Furniture,Bookcases,8,2779.46,0.3,-262.04
2911,2023-03-09,North,Corporate,Office Supplies,Storage,8,195.18,0.3,18.63
575,2023-03-10,North,Home Office,Office Supplies,Binders,5,236.99,0.0,14.08
1359,2023-03-10,South,Home Office,Office Supplies,Storage,5,306.54,0.0,29.11
809,2023-03-10,West,Corporate,Technology,Phones,2,773.74,0.1,26.64
467,2023-03-10,East,Consumer,Technology,Machines,1,352.73,0.0,21.8
1098,2023-03-10,East,Corporate,Office Supplies,Paper,4,147.57,0.1,40.1
2041,2023-03-10,South,Corporate,Furniture,Chairs,4,1052.37,0.0,305.99
2241,2023-03-11,East,Home Office,Office Supplies,Paper,7,277.4,0.1,52.63
2690,2023-03-11,South,Consumer,Office Supplies,Paper,7,416.69,0.0,128.24
628,2023-03-11,West,Consumer,Technology,Phones,2,945.72,0.0,93.89
2832,2023-03-11,West,Corporate,Technology,Machines,3,942.36,0.0,91.89
1770,2023-03-13,North,Home Office,Technology,Accessories,9,5039.81,0.3,753.39
5,2023-03-13,South,Consumer,Office Supplies,Binders,2,74.01,0.15,-1.41
766,2023-03-13,North,Consumer,Technology,Phones,5,3123.73,0.1,28.98
2949,2023-03-13,North,Consumer,Furniture,Chairs,2,763.73,0.15,70.71
2238,2023-03-14,North,Corporate,Office Supplies,Storage,8,443.66,0.0,132.86
2349,2023-03-14,West,Consumer,Technology,Machines,8,1987.15,0.1,535.23
1820,2023-03-14,South,Corporate,Technology,Accessories,4,2532.15,0.2,361.97
849,2023-03-14,North,Consumer,Furniture,Chairs,6,1937.8,0.0,602.13
1374,2023-03-14,East,Corporate,Technology,Accessories,1,379.79,0.3,56.93
2784,2023-03-15,West,Consumer,Office Supplies,Paper,4,172.64,0.0,32.86
600,2023-03-15,West,Corporate,Furniture,Tables,3,1111.81,0.1,99.5
1706,2023-03-16,North,Home Office,Technology,Machines,7,3515.58,0.1,69.95
530,2023-03-16,South,Home Office,Technology,Phones,2,1205.59,0.0,410.5
784,2023-03-16,South,Home Office,Office Supplies,Paper,9,430.96,0.1,53.44
2763,2023-03-16,North,Consumer,Furniture,Bookcases,1,181.23,0.1,0.34
955,2023-03-16,South,Home Office,Furniture,Bookcases,7,2499.37,0.0,797.86
1154,2023-03-16,North,Corporate,Furniture,Tables,4,700.24,0.15,114.8
1308,2023-03-16,North,Corporate,Furniture,Tables,2,305.04,0.1,34.88
2078,2023-03-17,North,Corporate,Office Supplies,Storage,2,118.57,0.0,25.59
566,2023-03-17,North,Home Office,Furniture,Tables,8,1493.22,0.0,428.59
2733,2023-03-17,East,Corporate,Furniture,Chairs,5,919.55,0.0,77.94
459,2023-03-17,North,Consumer,Office Supplies,Binders,4,176.74,0.0,45.51
2211,2023-03-18,North,Home Office,Office Supplies,Storage,5,132.16,0.0,26.67
754,2023-03-19,West,Consumer,Technology,Accessories,9,3216.06,0.1,391.02
847,2023-03-19,North,Home Office,Technology,Accessories,6,2523.93,0.2,538.17
2761,2023-03-19,East,Consumer,Technology,Machines,6,2184.0,0.3,272.13
1243,2023-03-19,North,Home Office,Furniture,Tables,2,595.06,0.0,36.01
875,2023-03-19,North,Consumer,Technology,Phones,2,1034.81,0.0,312.33
1027,2023-03-19,East,Corporate,Technology,Accessories,6,3470.69,0.15,81.61
2375,2023-03-20,South,Home Office,Technology,Machines,9,2389.4,0.2,268.19
2916,2023-03-20,North,Consumer,Office Supplies,Binders,9,279.98,0.3,32.79
1692,2023-03-20,West,Corporate,Furniture,Tables,3,1045.08,0.0,360.31
2506,2023-03-20,West,Corporate,Technology,Machines,9,3802.99,0.0,767.97
666,2023-03-21,East,Consumer,Furniture,Chairs,6,1909.24,0.1,360.53
2414,2023-03-21,East,Consumer,Furniture,Chairs,3,722.87,0.1,77.0
1407,2023-03-22,West,Corporate,Office Supplies,Paper,7,267.53,0.15,30.24
802,2023-03-22,East,Corporate,Office Supplies,Paper,3,187.09,0.3,19.98
66,2023-03-22,East,Home Office,Technology,Machines,7,4107.41,0.1,971.11
210,2023-03-22,North,Home Office,Furniture,Tables,5,1348.12,0.15,68.87
2849,2023-03-23,North,Consumer,Technology,Accessories,9,4096.65,0.0,318.34
1263,2023-03-23,West,Consumer,Furniture,Bookcases,6,1687.8,0.0,350.06
1631,2023-03-23,East,Consumer,Technology,Phones,8,4679.62,0.0,998.03
2406,2023-03-24,South,Home Office,Furniture,Bookcases,9,2906.09,0.0,790.25
751,2023-03-24,South,Corporate,Technology,Phones,9,5480.0,0.1,569.8
1927,2023-03-25,South,Consumer,Furniture,Tables,1,304.44,0.0,101.55
1709,2023-03-25,East,Corporate,Furniture,Chairs,6,1732.51,0.0,113.75
1719,2023-03-25,South,Corporate,Office Supplies,Storage,7,188.24,0.15,35.27
1830,2023-03-25,West,Corporate,Office Supplies,Binders,5,206.5,0.0,15.2
1178,2023-03-25,South,Corporate,Office Supplies,Paper,2,121.18,0.1,25.25
1837,2023-03-25,North,Consumer,Office Supplies,Paper,5,247.73,0.0,76.33
2302,2023-03-25,North,Corporate,Technology,Accessories,9,5231.17,0.15,756.11
2155,2023-03-25,South,Consumer,Office Supplies,Binders,9,403.92,0.1,42.3
753,2023-03-26,East,Home Office,Technology,Phones,8,2768.29,0.15,417.41
2091,2023-03-26,South,Home Office,Office Supplies,Storage,9,445.2,0.0,78.15
1256,2023-03-26,South,Consumer,Furniture,Bookcases,2,576.92,0.1,49.92
1426,2023-03-27,West,Corporate,Office Supplies,Storage,4,255.48,0.0,58.68
1796,2023-03-27,South,Corporate,Furniture,Bookcases,9,2131.13,0.1,255.77
158,2023-03-27,South,Consumer,Office Supplies,Storage,1,28.1,0.0,6.07
2895,2023-03-27,East,Consumer,Office Supplies,Binders,6,205.79,0.1,15.28
2020,2023-03-27,South,Home Office,Furniture,Chairs,6,1165.85,0.15,138.9
899,2023-03-27,West,Home Office,Furniture,Bookcases,1,354.01,0.2,26.88
463,2023-03-27,South,Home Office,Furniture,Bookcases,7,1327.28,0.0,393.95
1222,2023-03-28,West,Consumer,Office Supplies,Storage,9,242.05,0.15,17.69
2517,2023-03-28,West,Consumer,Office Supplies,Storage,2,71.05,0.0,8.46
1848,2023-03-28,West,Corporate,Technology,Phones,5,1818.42,0.0,346.83
2512,2023-03-28,West,Corporate,Technology,Accessories,7,2579.19,0.0,445.43
1787,2023-03-29,East,Home Office,Technology,Accessories,3,1495.21,0.0,376.98
1242,2023-03-29,South,Corporate,Furniture,Tables,2,423.24,0.0,51.06
2630,2023-03-29,West,Corporate,Furniture,Chairs,1,311.9,0.2,20.29
14,2023-03-29,West,Home Office,Furniture,Chairs,5,1121.55,0.0,306.14
1554,2023-03-30,North,Home Office,Office Supplies,Binders,4,194.1,0.1,37.83
1033,2023-03-30,North,Home Office,Technology,Machines,1,321.8,0.0,61.45
1415,2023-03-30,South,Home Office,Office Supplies,Paper,8,475.1,0.0,78.07
2050,2023-03-30,East,Consumer,Office Supplies,Paper,5,127.47,0.1,31.4
2139,2023-03-31,North,Consumer,Office Supplies,Paper,4,157.16,0.1,43.99
1810,2023-03-31,East,Consumer,Office Supplies,Paper,7,363.65,0.15,40.68
981,2023-03-31,South,Home Office,Office Supplies,Paper,8,450.05,0.1,127.47
520,2023-03-31,East,Home Office,Office Supplies,Binders,8,501.3,0.1,34.15
698,2023-03-31,South,Corporate,Technology,Accessories,1,402.0,0.3,-41.53
634,2023-04-01,West,Consumer,Technology,Phones,3,1347.25,0.0,234.58
2381,2023-04-02,South,Corporate,Furniture,Tables,2,530.35,0.2,20.66
59,2023-04-02,North,Consumer,Office Supplies,Storage,4,229.46,0.15,0.66
398,2023-04-02,South,Corporate,Furniture,Chairs,1,354.91,0.2,-3.63
1604,2023-04-02,North,Consumer,Office Supplies,Paper,1,44.71,0.0,15.36
1797,2023-04-02,South,Consumer,Office Supplies,Storage,4,196.37,0.1,1.64
2437,2023-04-02,West,Corporate,Technology,Machines,2,719.98,0.0,60.48
1874,2023-04-03,South,Corporate,Furniture,Tables,9,2640.75,0.3,57.57
828,2023-04-03,West,Consumer,Office Supplies,Binders,4,209.8,0.0,12.6
469,2023-04-04,East,Corporate,Technology,Phones,8,4778.57,0.1,719.95
2362,2023-04-05,South,Home Office,Technology,Phones,6,1848.36,0.0,270.32
765,2023-04-05,West,Consumer,Technology,Phones,1,451.0,0.2,84.33
819,2023-04-05,West,Corporate,Technology,Machines,7,3239.62,0.2,720.18
1094,2023-04-05,South,Home Office,Furniture,Bookcases,5,961.66,0.2,97.66
1005,2023-04-05,North,Home Office,Office Supplies,Paper,8,350.03,0.0,32.21
1241,2023-04-06,North,Home Office,Technology,Phones,7,2365.41,0.0,720.56
446,2023-04-06,West,Consumer,Office Supplies,Storage,9,263.26,0.0,29.1
543,2023-04-06,East,Home Office,Technology,Accessories,9,2382.34,0.15,277.59
146,2023-04-06,North,Home Office,Furniture,Bookcases,1,203.6,0.0,25.3
1070,2023-04-07,West,Home Office,Furniture,Tables,1,260.3,0.15,19.77
2498,2023-04-07,East,Corporate,Office Supplies,Paper,6,217.46,0.1,30.31
2928,2023-04-07,East,Home Office,Technology,Accessories,4,1751.09,0.0,605.3
2890,2023-04-08,South,Home Office,Office Supplies,Binders,7,202.51,0.2,-12.26
790,2023-04-08,East,Consumer,Technology,Machines,7,2150.99,0.2,-24.67
1354,2023-04-08,East,Home Office,Technology,Phones,3,757.31,0.1,97.56
1450,2023-04-08,East,Consumer,Technology,Phones,9,4706.84,0.1,778.43
1700,2023-04-09,South,Home Office,Technology,Phones,5,2121.33,0.0,344.62
278,2023-04-09,South,Corporate,Office Supplies,Paper,5,285.47,0.1,26.05
737,2023-04-09,North,Consumer,Office Supplies,Binders,4,216.96,0.1,0.64
1542,2023-04-09,East,Corporate,Office Supplies,Storage,2,102.22,0.1,11.27
298,2023-04-09,West,Home Office,Furniture,Chairs,2,459.13,0.2,56.69
541,2023-04-09,West,Corporate,Office Supplies,Paper,2,121.01,0.0,6.31
349,2023-04-09,North,Home Office,Furniture,Bookcases,7,2415.37,0.1,165.09
357,2023-04-09,West,Consumer,Office Supplies,Paper,7,370.46,0.15,64.63
576,2023-04-09,South,Home Office,Furniture,Chairs,5,1318.7,0.15,-0.34
2407,2023-04-09,West,Consumer,Technology,Phones,2,1165.36,0.1,4.7
126,2023-04-09,West,Consumer,Technology,Machines,1,626.81,0.0,126.26
483,2023-04-10,South,Corporate,Technology,Machines,6,2069.96,0.1,425.27
16,2023-04-10,South,Corporate,Furniture,Chairs,3,650.83,0.15,85.91
1910,2023-04-10,East,Home Office,Technology,Machines,3,1693.87,0.15,55.13
2420,2023-04-11,South,Corporate,Technology,Phones,4,1717.79,0.0,565.83
2331,2023-04-11,East,Consumer,Furniture,Tables,9,1525.46,0.1,181.11
2692,2023-04-11,West,Consumer,Furniture,Bookcases,8,2026.75,0.2,326.07
2513,2023-04-11,West,Home Office,Office Supplies,Storage,7,195.22,0.0,10.65
2987,2023-04-12,East,Home Office,Office Supplies,Storage,8,450.1,0.0,49.16
1392,2023-04-12,South,Home Office,Office Supplies,Storage,2,75.47,0.1,16.48
1782,2023-04-12,West,Corporate,Technology,Accessories,6,3234.64,0.0,181.02
2059,2023-04-12,West,Corporate,Office Supplies,Paper,6,261.96,0.15,64.04
2230,2023-04-12,West,Consumer,Office Supplies,Binders,9,521.86,0.1,49.97
2087,2023-04-12,West,Home Office,Technology,Accessories,7,2096.04,0.1,585.35
786,2023-04-13,South,Home Office,Furniture,Tables,5,985.02,0.15,4.48
1807,2023-04-13,East,Consumer,Technology,Accessories,8,4976.92,0.0,680.33
1,2023-04-13,South,Corporate,Office Supplies,Binders,2,56.86,0.15,14.58
422,2023-04-13,East,Home Office,Furniture,Tables,7,1728.47,0.0,469.19
1050,2023-04-14,South,Consumer,Furniture,Tables,6,1039.93,0.15,257.88
378,2023-04-14,North,Consumer,Office Supplies,Paper,9,263.62,0.3,11.81
2953,2023-04-14,East,Corporate,Office Supplies,Paper,4,140.0,0.15,9.93
292,2023-04-14,East,Home Office,Office Supplies,Paper,4,123.94,0.0,30.88
2293,2023-04-14,South,Corporate,Office Supplies,Paper,7,219.85,0.1,45.44
2661,2023-04-14,East,Consumer,Office Supplies,Binders,3,173.62,0.0,9.01
736,2023-04-15,South,Corporate,Office Supplies,Binders,3,74.2,0.15,10.8
2487,2023-04-15,East,Home Office,Technology,Accessories,6,2057.88,0.3,-180.45
2132,2023-04-16,South,Consumer,Technology,Phones,6,3129.84,0.15,243.63
1122,2023-04-16,South,Corporate,Furniture,Chairs,7,1883.86,0.0,502.04
72,2023-04-16,North,Home Office,Office Supplies,Paper,3,181.19,0.0,61.46
800,2023-04-16,East,Consumer,Office Supplies,Paper,8,459.82,0.3,-56.66
430,2023-04-16,East,Corporate,Office Supplies,Paper,5,243.44,0.3,21.49
1814,2023-04-16,West,Corporate,Furniture,Chairs,5,944.25,0.1,14.38
1531,2023-04-17,South,Home Office,Technology,Phones,8,2420.04,0.1,143.09
1959,2023-04-17,North,Home Office,Technology,Machines,1,454.57,0.15,76.75
4,2023-04-17,East,Home Office,Furniture,Bookcases,6,2007.1,0.2,367.54
857,2023-04-17,North,Corporate,Technology,Machines,5,2000.31,0.0,402.2
1388,2023-04-18,East,Home Office,Furniture,Tables,1,209.42,0.0,49.87
2145,2023-04-18,East,Home Office,Furniture,Chairs,4,1145.19,0.1,205.65
2197,2023-04-18,North,Home Office,Technology,Accessories,4,2256.53,0.0,376.14
2646,2023-04-18,West,Home Office,Office Supplies,Binders,2,94.06,0.2,-2.21
1466,2023-04-18,South,Consumer,Office Supplies,Storage,5,270.36,0.0,39.53
1305,2023-04-19,East,Corporate,Office Supplies,Storage,7,389.81,0.1,31.18
586,2023-04-19,North,Consumer,Office Supplies,Paper,9,395.11,0.0,106.4
2732,2023-04-19,East,Corporate,Office Supplies,Paper,2,76.76,0.0,26.4
2981,2023-04-19,South,Consumer,Technology,Machines,7,2049.38,0.3,-185.48
911,2023-04-19,West,Consumer,Technology,Accessories,8,2498.12,0.0,370.46
2363,2023-04-20,North,Consumer,Furniture,Bookcases,3,463.74,0.1,96.62
915,2023-04-21,West,Home Office,Technology,Accessories,5,3138.88,0.15,-58.78
816,2023-04-21,East,Home Office,Office Supplies,Binders,9,284.22,0.15,-3.5
913,2023-04-21,South,Corporate,Office Supplies,Storage,7,205.45,0.2,25.63
2651,2023-04-21,East,Corporate,Furniture,Chairs,7,2660.34,0.1,445.11
1832,2023-04-21,East,Corporate,Office Supplies,Binders,5,313.85,0.0,105.24
2887,2023-04-22,East,Corporate,Furniture,Bookcases,5,1267.9,0.0,138.93
295,2023-04-22,West,Home Office,Technology,Accessories,4,1928.77,0.0,581.06
2672,2023-04-22,North,Corporate,Technology,Accessories,8,3004.01,0.15,394.71
1350,2023-04-23,West,Corporate,Office Supplies,Paper,5,303.09,0.15,8.64
212,2023-04-23,East,Corporate,Furniture,Tables,9,2642.15,0.15,510.24
2743,2023-04-23,North,Consumer,Furniture,Chairs,3,1173.55,0.0,266.38
2748,2023-04-23,West,Home Office,Furniture,Chairs,7,2247.29,0.0,422.31
207,2023-04-23,West,Consumer,Office Supplies,Binders,8,228.62,0.0,22.1
977,2023-04-23,East,Consumer,Technology,Accessories,6,3235.7,0.3,417.61
2594,2023-04-23,South,Corporate,Office Supplies,Paper,3,72.04,0.0,11.71
199,2023-04-23,South,Consumer,Furniture,Tables,7,1350.01,0.1,170.72
1211,2023-04-23,West,Consumer,Office Supplies,Binders,1,56.02,0.1,16.2
1642,2023-04-23,South,Corporate,Office Supplies,Storage,4,212.28,0.3,11.3
1212,2023-04-24,South,Consumer,Office Supplies,Paper,1,28.32,0.1,0.55
1586,2023-04-24,North,Consumer,Technology,Machines,6,2342.75,0.1,271.33
2028,2023-04-24,West,Home Office,Technology,Machines,5,2873.65,0.1,162.19
2313,2023-04-24,East,Corporate,Furniture,Tables,6,2278.4,0.0,738.82
1592,2023-04-25,West,Consumer,Furniture,Bookcases,8,2422.98,0.0,409.44
1289,2023-04-25,South,Corporate,Office Supplies,Storage,5,139.39,0.0,41.98
524,2023-04-25,East,Home Office,Technology,Accessories,8,2835.63,0.1,238.9
359,2023-04-26,North,Consumer,Technology,Machines,4,2091.22,0.15,423.09
2266,2023-04-26,North,Corporate,Furniture,Chairs,9,1381.49,0.15,232.13
1805,2023-04-26,North,Home Office,Office Supplies,Binders,4,238.15,0.2,14.29
1762,2023-04-27,South,Home Office,Office Supplies,Binders,3,82.41,0.0,21.8
658,2023-04-27,West,Consumer,Furniture,Chairs,1,230.88,0.0,51.5
2114,2023-04-27,West,Consumer,Office Supplies,Paper,8,329.5,0.15,10.78
2371,2023-04-27,West,Home Office,Technology,Machines,4,1009.2,0.3,-86.47
439,2023-04-27,North,Consumer,Technology,Accessories,5,1279.85,0.1,208.98
2736,2023-04-27,South,Corporate,Technology,Phones,2,534.8,0.1,110.61
1148,2023-04-27,West,Home Office,Office Supplies,Storage,6,352.64,0.1,32.02
1893,2023-04-27,South,Corporate,Office Supplies,Binders,3,92.98,0.0,10.9
973,2023-04-28,South,Consumer,Office Supplies,Storage,3,89.26,0.0,26.1
448,2023-04-28,North,Consumer,Office Supplies,Binders,5,213.71,0.0,73.81
958,2023-04-28,West,Consumer,Office Supplies,Binders,9,238.16,0.0,66.81
1079,2023-04-28,East,Home Office,Furniture,Tables,7,1214.92,0.1,92.22
2751,2023-04-28,West,Consumer,Technology,Accessories,5,2137.87,0.15,502.87
2164,2023-04-28,North,Consumer,Furniture,Bookcases,8,3082.04,0.2,257.14
772,2023-04-28,West,Home Office,Technology,Phones,9,2838.19,0.0,210.63
1979,2023-04-29,West,Home Office,Technology,Accessories,3,901.78,0.1,121.6
723,2023-04-29,North,Corporate,Office Supplies,Paper,1,56.83,0.0,14.12
1270,2023-04-29,South,Home Office,Technology,Phones,8,4389.78,0.2,501.53
2565,2023-04-29,West,Home Office,Furniture,Chairs,3,933.39,0.2,154.86
2024,2023-04-29,East,Corporate,Furniture,Chairs,4,961.69,0.15,77.44
2710,2023-04-29,North,Home Office,Office Supplies,Storage,6,331.6,0.15,-0.47
2490,2023-04-30,East,Consumer,Technology,Accessories,7,2104.5,0.0,593.22
1676,2023-04-30,South,Consumer,Technology,Accessories,7,4067.64,0.0,224.82
1553,2023-04-30,East,Consumer,Office Supplies,Binders,9,385.21,0.0,104.03
285,2023-04-30,West,Home Office,Office Supplies,Storage,2,68.29,0.1,9.4
1245,2023-04-30,East,Home Office,Office Supplies,Storage,8,273.01,0.2,-5.42
434,2023-04-30,North,Consumer,Furniture,Bookcases,1,331.17,0.2,62.51
1958,2023-05-01,East,Corporate,Office Supplies,Paper,4,152.98,0.3,23.08
852,2023-05-01,North,Consumer,Technology,Machines,2,936.79,0.1,176.52
2595,2023-05-02,West,Corporate,Furniture,Bookcases,7,2371.55,0.1,-16.08
1812,2023-05-02,West,Home Office,Furniture,Tables,1,394.49,0.15,82.61
695,2023-05-02,East,Home Office,Technology,Phones,2,1099.2,0.0,59.19
1853,2023-05-02,North,Corporate,Technology,Phones,2,834.08,0.1,20.61
9,2023-05-02,North,Home Office,Technology,Machines,2,837.64,0.1,208.88
232,2023-05-03,North,Corporate,Office Supplies,Binders,8,490.63,0.0,114.53
2586,2023-05-04,North,Consumer,Technology,Machines,3,1526.69,0.3,-134.93
2425,2023-05-04,North,Home Office,Technology,Machines,4,1091.79,0.2,117.62
1575,2023-05-04,South,Corporate,Office Supplies,Binders,3,159.95,0.0,44.09
242,2023-05-04,West,Corporate,Office Supplies,Storage,4,213.42,0.1,35.23
2115,2023-05-04,East,Home Office,Office Supplies,Paper,4,142.01,0.3,-2.55
2762,2023-05-04,West,Consumer,Technology,Phones,4,1078.29,0.2,133.78
406,2023-05-05,North,Corporate,Office Supplies,Paper,7,398.95,0.15,50.1
638,2023-05-06,North,Home Office,Office Supplies,Paper,8,349.06,0.0,82.15
1994,2023-05-06,East,Home Office,Furniture,Tables,4,890.05,0.3,102.28
814,2023-05-06,West,Consumer,Office Supplies,Storage,9,521.15,0.15,116.88
901,2023-05-06,North,Home Office,Technology,Phones,5,1880.88,0.3,50.9
440,2023-05-07,West,Consumer,Office Supplies,Paper,5,139.9,0.15,34.96
1844,2023-05-07,East,Consumer,Furniture,Bookcases,5,1596.45,0.3,98.25
1121,2023-05-07,East,Corporate,Furniture,Bookcases,3,791.49,0.15,60.46
365,2023-05-08,West,Home Office,Technology,Machines,2,645.26,0.0,155.39
1310,2023-05-08,South,Consumer,Office Supplies,Storage,7,183.7,0.1,45.46
1287,2023-05-08,West,Corporate,Technology,Accessories,9,2191.73,0.15,138.81
2649,2023-05-08,West,Home Office,Technology,Accessories,3,937.04,0.0,322.85
2379,2023-05-08,East,Home Office,Office Supplies,Binders,8,377.66,0.0,23.61
2967,2023-05-09,North,Home Office,Technology,Phones,1,396.16,0.0,88.24
2493,2023-05-09,North,Home Office,Technology,Phones,4,1464.11,0.1,106.04
2014,2023-05-09,North,Consumer,Furniture,Chairs,5,1710.95,0.2,-17.5
2657,2023-05-09,West,Consumer,Furniture,Tables,3,864.15,0.0,77.58
102,2023-05-09,South,Corporate,Office Supplies,Paper,7,372.08,0.0,66.46
2979,2023-05-09,West,Corporate,Technology,Phones,6,3750.17,0.2,679.35
1707,2023-05-10,South,Consumer,Technology,Accessories,2,1099.14,0.3,-24.53
2391,2023-05-10,South,Home Office,Technology,Phones,6,3351.53,0.3,-375.93
2354,2023-05-10,West,Corporate,Technology,Phones,3,755.18,0.0,190.7
1092,2023-05-10,East,Consumer,Technology,Machines,2,564.76,0.0,77.58
1928,2023-05-10,East,Corporate,Technology,Machines,7,2309.32,0.0,240.37
221,2023-05-10,South,Home Office,Furniture,Tables,6,2027.51,0.1,344.85
1338,2023-05-10,East,Home Office,Office Supplies,Storage,5,287.11,0.0,52.94
2494,2023-05-10,West,Consumer,Office Supplies,Paper,8,251.68,0.0,72.46
2259,2023-05-10,South,Corporate,Technology,Accessories,2,674.8,0.2,66.34
2993,2023-05-11,North,Consumer,Office Supplies,Paper,4,220.69,0.0,39.51
1451,2023-05-11,South,Home Office,Technology,Machines,2,1041.19,0.15,100.29
18,2023-05-11,South,Consumer,Technology,Phones,7,2885.2,0.0,520.43
281,2023-05-11,East,Home Office,Technology,Accessories,5,1364.05,0.0,473.23
2851,2023-05-11,North,Consumer,Technology,Accessories,9,4676.23,0.0,1233.41
45,2023-05-11,West,Consumer,Office Supplies,Storage,6,273.94,0.0,59.2
1385,2023-05-11,East,Home Office,Office Supplies,Paper,6,274.8,0.0,50.34
2697,2023-05-12,West,Corporate,Technology,Phones,3,936.23,0.0,113.67
627,2023-05-12,South,Consumer,Technology,Accessories,9,5470.69,0.0,616.64
1030,2023-05-12,West,Corporate,Office Supplies,Binders,7,229.63,0.0,75.03
2694,2023-05-12,East,Consumer,Technology,Machines,3,1774.05,0.1,303.45
803,2023-05-13,South,Consumer,Technology,Accessories,2,687.56,0.0,58.98
1620,2023-05-13,East,Consumer,Furniture,Bookcases,2,377.66,0.0,131.03
593,2023-05-13,North,Consumer,Furniture,Bookcases,5,1695.39,0.1,22.46
1120,2023-05-13,South,Home Office,Office Supplies,Paper,3,76.71,0.0,20.97
2100,2023-05-13,East,Consumer,Furniture,Tables,2,421.16,0.1,114.31
1951,2023-05-13,North,Home Office,Furniture,Bookcases,7,2655.38,0.1,55.93
659,2023-05-14,South,Consumer,Furniture,Tables,6,1479.69,0.1,234.73
2345,2023-05-14,West,Corporate,Technology,Phones,6,1572.36,0.0,294.0
1103,2023-05-14,North,Corporate,Furniture,Bookcases,2,618.75,0.1,147.27
118,2023-05-15,South,Home Office,Office Supplies,Binders,7,320.46,0.15,3.27
311,2023-05-15,North,Consumer,Office Supplies,Storage,4,126.39,0.15,16.04
2652,2023-05-16,East,Corporate,Technology,Machines,5,2708.4,0.0,734.74
1432,2023-05-17,West,Home Office,Office Supplies,Binders,4,226.25,0.0,11.69
2764,2023-05-17,East,Corporate,Office Supplies,Paper,5,224.61,0.1,19.06
1012,2023-05-17,South,Home Office,Office Supplies,Paper,4,158.41,0.2,33.07
1144,2023-05-17,West,Consumer,Technology,Accessories,1,504.51,0.1,130.48
945,2023-05-17,South,Consumer,Furniture,Chairs,8,3082.27,0.2,50.13
2770,2023-05-18,East,Home Office,Technology,Machines,6,3533.82,0.15,104.58
804,2023-05-18,East,Consumer,Furniture,Bookcases,7,1392.56,0.2,249.59
2547,2023-05-18,East,Home Office,Office Supplies,Paper,9,573.1,0.15,142.47
985,2023-05-19,West,Corporate,Furniture,Bookcases,3,622.87,0.0,70.36
106,2023-05-19,West,Consumer,Office Supplies,Binders,4,112.29,0.1,6.32
978,2023-05-20,South,Consumer,Office Supplies,Storage,2,88.49,0.15,18.57
1507,2023-05-20,West,Corporate,Furniture,Tables,1,340.57,0.0,112.66
1473,2023-05-21,North,Corporate,Technology,Accessories,2,1179.35,0.0,131.62
1111,2023-05-21,West,Home Office,Technology,Accessories,9,4946.17,0.2,386.06
1190,2023-05-21,South,Consumer,Office Supplies,Binders,8,399.71,0.1,62.37
2120,2023-05-21,South,Corporate,Technology,Accessories,4,1610.88,0.0,127.74
2163,2023-05-21,East,Corporate,Office Supplies,Storage,4,153.37,0.0,22.65
2844,2023-05-22,North,Home Office,Furniture,Tables,2,451.09,0.15,97.13
1495,2023-05-22,West,Home Office,Office Supplies,Storage,2,115.08,0.1,12.76
397,2023-05-23,North,Consumer,Furniture,Chairs,5,1824.56,0.0,558.65
1044,2023-05-23,South,Consumer,Furniture,Chairs,5,1147.82,0.0,249.17
2080,2023-05-23,East,Consumer,Technology,Machines,2,1176.81,0.1,322.27
1813,2023-05-23,North,Home Office,Furniture,Bookcases,1,345.06,0.15,70.42
680,2023-05-23,South,Consumer,Office Supplies,Storage,4,175.71,0.1,9.75
2328,2023-05-23,East,Home Office,Office Supplies,Binders,4,198.52,0.2,6.92
574,2023-05-24,East,Home Office,Furniture,Chairs,1,284.13,0.2,-1.73
265,2023-05-24,South,Home Office,Furniture,Tables,3,1198.22,0.0,225.14
2891,2023-05-24,South,Corporate,Technology,Phones,6,1631.97,0.1,400.14
1202,2023-05-24,East,Corporate,Technology,Machines,5,1532.62,0.15,72.76
2131,2023-05-24,North,Consumer,Technology,Accessories,1,478.78,0.0,126.7
239,2023-05-24,North,Consumer,Furniture,Bookcases,5,1061.82,0.15,230.24
583,2023-05-24,East,Consumer,Furniture,Tables,6,1759.16,0.0,506.97
707,2023-05-25,North,Corporate,Technology,Machines,6,1695.07,0.2,126.89
903,2023-05-25,East,Home Office,Office Supplies,Binders,6,144.68,0.3,-13.99
1929,2023-05-25,East,Consumer,Technology,Phones,9,3851.6,0.0,330.26
1046,2023-05-25,East,Consumer,Office Supplies,Binders,4,139.35,0.2,-8.42
1549,2023-05-25,South,Consumer,Technology,Machines,6,2260.1,0.1,585.07
2029,2023-05-25,East,Home Office,Furniture,Bookcases,3,1132.11,0.2,146.62
752,2023-05-25,South,Home Office,Office Supplies,Paper,9,488.67,0.15,99.17
726,2023-05-26,East,Consumer,Technology,Machines,3,1793.02,0.0,487.71
1309,2023-05-26,West,Consumer,Furniture,Bookcases,6,1245.13,0.0,74.22
1499,2023-05-26,East,Corporate,Technology,Machines,5,1345.36,0.15,229.86
2189,2023-05-26,South,Corporate,Furniture,Chairs,2,555.5,0.0,125.66
2746,2023-05-26,West,Consumer,Office Supplies,Paper,7,207.12,0.0,43.99
912,2023-05-26,North,Home Office,Furniture,Tables,3,460.46,0.15,32.01
251,2023-05-27,East,Corporate,Furniture,Chairs,1,358.65,0.0,116.16
2036,2023-05-27,East,Consumer,Technology,Machines,4,1750.36,0.0,386.16
1257,2023-05-27,North,Home Office,Furniture,Tables,7,1893.28,0.1,318.27
1854,2023-05-27,South,Corporate,Office Supplies,Binders,9,341.02,0.0,52.63
1601,2023-05-27,North,Home Office,Technology,Phones,7,2871.42,0.0,623.23
1181,2023-05-28,North,Home Office,Office Supplies,Paper,3,103.11,0.3,-12.75
1363,2023-05-28,West,Consumer,Office Supplies,Binders,2,51.39,0.0,9.63
2837,2023-05-28,South,Corporate,Office Supplies,Binders,2,57.91,0.0,20.08
2527,2023-05-28,South,Home Office,Technology,Machines,2,795.83,0.3,22.9
252,2023-05-28,North,Consumer,Office Supplies,Paper,6,326.85,0.15,13.97
1345,2023-05-29,South,Corporate,Furniture,Bookcases,1,329.5,0.3,25.71
2250,2023-05-29,North,Consumer,Office Supplies,Binders,1,54.45,0.15,8.66
2301,2023-05-29,North,Corporate,Office Supplies,Storage,2,50.22,0.0,3.52
2408,2023-05-29,North,Corporate,Technology,Accessories,1,461.36,0.0,70.51
665,2023-05-29,West,Corporate,Technology,Phones,6,3599.04,0.15,66.97
2603,2023-05-29,South,Consumer,Furniture,Bookcases,8,2600.61,0.3,-58.3
2568,2023-05-29,West,Consumer,Technology,Phones,7,1859.74,0.0,417.57
407,2023-05-30,West,Home Office,Furniture,Chairs,3,932.1,0.1,185.32
2006,2023-05-31,South,Consumer,Furniture,Bookcases,1,292.42,0.15,28.86
260,2023-05-31,South,Home Office,Office Supplies,Binders,6,271.51,0.15,24.04
582,2023-05-31,North,Consumer,Office Supplies,Paper,7,263.47,0.2,8.32
1255,2023-05-31,South,Corporate,Office Supplies,Binders,8,400.9,0.2,6.47
1447,2023-06-01,South,Consumer,Furniture,Tables,6,1539.66,0.1,151.53
1886,2023-06-01,East,Home Office,Technology,Phones,2,1099.88,0.15,133.57
283,2023-06-01,East,Home Office,Technology,Phones,3,1902.21,0.15,171.79
2176,2023-06-01,North,Corporate,Office Supplies,Storage,2,89.35,0.3,9.56
1317,2023-06-02,North,Corporate,Office Supplies,Storage,9,307.34,0.2,-15.04
1753,2023-06-02,West,Home Office,Technology,Phones,9,5511.7,0.1,1096.62
1519,2023-06-02,East,Home Office,Office Supplies,Storage,7,220.69,0.0,75.26
299,2023-06-02,North,Home Office,Office Supplies,Paper,1,24.55,0.0,5.31
1371,2023-06-03,North,Corporate,Office Supplies,Storage,9,279.83,0.2,13.38
460,2023-06-03,North,Home Office,Office Supplies,Storage,8,291.43,0.1,72.0
768,2023-06-03,South,Corporate,Technology,Phones,4,1557.66,0.15,-28.67
2701,2023-06-03,North,Consumer,Office Supplies,Paper,4,197.16,0.0,60.82
2909,2023-06-03,North,Consumer,Office Supplies,Storage,8,262.11,0.3,32.55
2179,2023-06-03,West,Home Office,Office Supplies,Binders,3,132.7,0.0,43.34
2097,2023-06-03,South,Consumer,Office Supplies,Paper,8,491.66,0.0,126.25
375,2023-06-04,East,Home Office,Office Supplies,Binders,1,42.44,0.2,7.59
2436,2023-06-04,West,Consumer,Office Supplies,Storage,4,159.5,0.3,21.46
1175,2023-06-05,South,Corporate,Technology,Phones,8,3581.53,0.3,-453.17
2128,2023-06-05,West,Consumer,Furniture,Tables,6,1127.51,0.0,155.69
2410,2023-06-05,South,Home Office,Office Supplies,Paper,6,202.26,0.0,42.55
1967,2023-06-05,West,Consumer,Office Supplies,Paper,3,73.96,0.1,7.14
1085,2023-06-06,North,Consumer,Technology,Machines,9,3206.31,0.0,445.37
97,2023-06-06,West,Corporate,Office Supplies,Storage,9,294.88,0.1,78.38
1088,2023-06-06,South,Home Office,Office Supplies,Paper,8,467.02,0.0,76.62
1705,2023-06-06,West,Home Office,Technology,Phones,8,2729.74,0.3,-30.65
1067,2023-06-06,East,Home Office,Office Supplies,Paper,4,138.38,0.0,36.32
2341,2023-06-07,South,Consumer,Technology,Machines,8,4730.21,0.1,275.84
344,2023-06-07,South,Home Office,Office Supplies,Storage,4,234.63,0.0,60.44
1283,2023-06-07,West,Consumer,Office Supplies,Binders,5,315.37,0.15,11.25
1080,2023-06-08,East,Home Office,Technology,Accessories,3,1544.31,0.0,336.61
1879,2023-06-08,West,Consumer,Furniture,Bookcases,8,2246.46,0.0,181.64
2725,2023-06-08,South,Corporate,Technology,Phones,8,4449.54,0.0,705.67
1446,2023-06-08,West,Corporate,Technology,Machines,7,3328.33,0.15,-39.95
2054,2023-06-08,West,Home Office,Office Supplies,Storage,6,207.08,0.1,49.01
2148,2023-06-08,East,Corporate,Office Supplies,Paper,4,178.67,0.3,-20.3
155,2023-06-09,West,Home Office,Technology,Phones,3,1696.95,0.15,-11.66
495,2023-06-09,North,Consumer,Furniture,Chairs,9,3584.12,0.15,99.47
275,2023-06-09,East,Home Office,Furniture,Tables,5,854.41,0.0,235.6
2207,2023-06-09,North,Corporate,Furniture,Tables,9,3076.24,0.1,726.05
2249,2023-06-09,South,Corporate,Technology,Accessories,5,1472.9,0.1,337.94
1552,2023-06-09,North,Home Office,Office Supplies,Binders,5,243.35,0.1,19.2
2574,2023-06-09,North,Home Office,Office Supplies,Paper,9,342.11,0.0,91.42
2752,2023-06-10,South,Consumer,Office Supplies,Paper,1,49.26,0.3,3.56
2305,2023-06-10,West,Home Office,Technology,Accessories,3,1509.84,0.0,305.16
1169,2023-06-10,East,Corporate,Technology,Phones,8,4186.14,0.1,272.41
2048,2023-06-10,West,Corporate,Furniture,Tables,4,609.67,0.0,71.34
2859,2023-06-10,North,Consumer,Office Supplies,Paper,8,446.6,0.15,9.65
27,2023-06-10,North,Consumer,Office Supplies,Binders,3,126.07,0.3,-10.14
1984,2023-06-10,South,Corporate,Furniture,Bookcases,8,3177.31,0.1,153.3
1462,2023-06-10,South,Home Office,Office Supplies,Paper,1,34.45,0.15,2.45
362,2023-06-10,South,Consumer,Office Supplies,Paper,4,177.95,0.15,42.62
305,2023-06-10,South,Consumer,Furniture,Bookcases,4,1353.47,0.2,108.26
2985,2023-06-11,South,Consumer,Office Supplies,Paper,3,106.33,0.0,36.06
78,2023-06-11,North,Corporate,Office Supplies,Paper,8,399.27,0.15,74.35
1727,2023-06-11,North,Corporate,Technology,Accessories,1,539.24,0.0,62.54
1220,2023-06-11,West,Home Office,Technology,Accessories,6,3214.81,0.3,21.35
2722,2023-06-11,South,Corporate,Office Supplies,Paper,4,132.67,0.2,23.53
1932,2023-06-12,South,Corporate,Office Supplies,Storage,7,280.11,0.0,82.25
1728,2023-06-12,South,Home Office,Technology,Accessories,5,2815.32,0.0,319.8
2811,2023-06-12,West,Consumer,Office Supplies,Storage,5,291.25,0.0,76.58
302,2023-06-12,South,Home Office,Office Supplies,Storage,7,444.45,0.1,66.47
594,2023-06-12,South,Corporate,Furniture,Bookcases,2,356.01,0.2,31.99
2946,2023-06-13,East,Corporate,Office Supplies,Binders,2,124.44,0.0,37.68
2361,2023-06-13,North,Consumer,Office Supplies,Binders,8,447.86,0.1,15.5
2464,2023-06-13,East,Corporate,Office Supplies,Paper,3,165.22,0.2,32.51
2846,2023-06-14,South,Home Office,Office Supplies,Storage,7,415.15,0.2,28.98
1249,2023-06-14,South,Consumer,Technology,Accessories,6,2466.82,0.0,190.18
1024,2023-06-14,West,Home Office,Office Supplies,Storage,6,339.1,0.0,83.99
1962,2023-06-14,East,Consumer,Technology,Phones,5,2507.68,0.0,579.48
614,2023-06-14,East,Home Office,Technology,Accessories,2,842.2,0.2,184.01
796,2023-06-15,South,Consumer,Furniture,Chairs,1,369.43,0.2,80.3
1777,2023-06-15,East,Consumer,Furniture,Chairs,1,297.17,0.0,90.39
1809,2023-06-15,North,Home Office,Technology,Machines,7,1850.19,0.2,39.47
2187,2023-06-16,West,Home Office,Technology,Accessories,4,2058.75,0.3,-37.31
49,2023-06-16,East,Corporate,Technology,Accessories,3,961.57,0.0,59.46
633,2023-06-16,West,Home Office,Technology,Accessories,8,3329.93,0.2,450.42
2222,2023-06-16,East,Corporate,Office Supplies,Binders,9,318.57,0.1,12.19
2233,2023-06-16,North,Home Office,Office Supplies,Storage,8,432.27,0.0,150.56
1603,2023-06-17,West,Consumer,Office Supplies,Paper,9,257.02,0.0,39.03
995,2023-06-17,South,Home Office,Technology,Accessories,6,3460.63,0.1,29.3
607,2023-06-17,West,Consumer,Office Supplies,Storage,2,124.47,0.0,19.48
508,2023-06-17,North,Consumer,Office Supplies,Paper,4,200.68,0.3,-21.58
1327,2023-06-17,East,Consumer,Furniture,Tables,1,366.46,0.0,83.79
2562,2023-06-18,North,Corporate,Furniture,Tables,8,2332.5,0.0,387.11
1469,2023-06-19,East,Consumer,Technology,Machines,7,1733.48,0.0,442.8
608,2023-06-19,South,Consumer,Office Supplies,Paper,3,132.14,0.0,45.14
1613,2023-06-19,East,Home Office,Office Supplies,Binders,4,101.01,0.0,14.5
1567,2023-06-19,West,Consumer,Technology,Phones,5,1531.24,0.0,395.09
1452,2023-06-20,South,Consumer,Office Supplies,Paper,7,430.3,0.2,24.96
151,2023-06-20,West,Home Office,Office Supplies,Binders,6,246.62,0.1,45.57
342,2023-06-21,West,Corporate,Office Supplies,Paper,6,319.26,0.1,57.22
2590,2023-06-21,North,Consumer,Technology,Accessories,4,1368.66,0.0,70.95
1389,2023-06-21,North,Consumer,Office Supplies,Paper,5,146.68,0.15,3.48
2158,2023-06-21,East,Consumer,Technology,Phones,4,1371.54,0.0,156.56
2261,2023-06-21,South,Corporate,Office Supplies,Paper,3,164.11,0.0,52.01
993,2023-06-21,North,Home Office,Furniture,Chairs,1,223.57,0.0,62.11
2462,2023-06-22,North,Consumer,Technology,Machines,3,1727.01,0.15,241.15
640,2023-06-22,East,Corporate,Furniture,Bookcases,2,784.41,0.1,7.12
2507,2023-06-22,South,Home Office,Technology,Phones,4,1991.01,0.0,242.02
968,2023-06-22,South,Consumer,Office Supplies,Paper,7,332.8,0.1,61.69
2377,2023-06-22,North,Home Office,Technology,Machines,1,335.91,0.0,27.99
664,2023-06-22,North,Consumer,Office Supplies,Binders,8,362.71,0.1,36.2
605,2023-06-23,South,Home Office,Technology,Phones,4,2196.54,0.2,-52.66
1208,2023-06-24,West,Home Office,Technology,Phones,8,4782.47,0.0,544.81
2021,2023-06-24,South,Home Office,Furniture,Bookcases,8,1443.68,0.1,-9.27
1579,2023-06-25,North,Corporate,Office Supplies,Binders,2,65.7,0.0,7.58
381,2023-06-25,West,Consumer,Technology,Accessories,5,2526.29,0.1,289.37
2877,2023-06-26,North,Consumer,Furniture,Tables,6,2201.02,0.1,583.95
1170,2023-06-26,East,Corporate,Office Supplies,Paper,3,175.88,0.0,42.77
729,2023-06-26,West,Consumer,Technology,Accessories,4,1385.63,0.1,196.39
561,2023-06-26,North,Home Office,Office Supplies,Paper,8,465.65,0.0,111.45
1225,2023-06-27,North,Home Office,Technology,Phones,3,1429.81,0.1,8.45
2860,2023-06-27,South,Home Office,Office Supplies,Paper,5,236.63,0.1,44.33
2935,2023-06-27,West,Corporate,Office Supplies,Paper,9,454.07,0.2,75.19
2003,2023-06-27,South,Home Office,Furniture,Chairs,9,1461.63,0.1,96.0
702,2023-06-27,North,Consumer,Technology,Phones,6,2224.82,0.1,161.43
1056,2023-06-28,South,Home Office,Furniture,Bookcases,8,1934.35,0.0,155.06
1162,2023-06-28,West,Corporate,Office Supplies,Paper,2,93.53,0.3,2.72
1166,2023-06-29,North,Corporate,Furniture,Chairs,3,742.33,0.0,174.31
2318,2023-06-29,West,Consumer,Office Supplies,Binders,6,159.12,0.1,4.37
484,2023-06-29,North,Corporate,Furniture,Bookcases,5,1392.44,0.15,294.13
355,2023-06-30,East,Home Office,Office Supplies,Paper,7,288.31,0.15,67.44
632,2023-07-01,West,Corporate,Office Supplies,Storage,8,324.37,0.15,54.5
1137,2023-07-01,North,Consumer,Office Supplies,Paper,4,154.44,0.0,39.95
1250,2023-07-01,South,Corporate,Office Supplies,Binders,4,123.34,0.0,18.03
2796,2023-07-01,East,Consumer,Furniture,Bookcases,6,2128.36,0.2,201.64
1163,2023-07-01,South,Home Office,Office Supplies,Paper,7,354.73,0.0,80.32
2816,2023-07-01,South,Consumer,Office Supplies,Paper,7,172.14,0.0,18.47
2742,2023-07-02,South,Corporate,Office Supplies,Paper,5,252.78,0.0,37.92
1453,2023-07-02,South,Corporate,Office Supplies,Binders,9,294.01,0.0,14.71
2443,2023-07-02,East,Home Office,Office Supplies,Binders,3,99.46,0.0,20.46
2744,2023-07-02,North,Home Office,Technology,Machines,8,4820.53,0.3,185.19
818,2023-07-02,South,Consumer,Furniture,Bookcases,1,281.83,0.2,51.11
2471,2023-07-02,West,Corporate,Technology,Machines,5,2822.22,0.0,745.02
2583,2023-07-02,West,Home Office,Technology,Accessories,7,3390.6,0.2,49.57
2000,2023-07-03,East,Consumer,Technology,Phones,7,3914.97,0.0,554.17
805,2023-07-03,West,Home Office,Office Supplies,Binders,4,254.27,0.0,16.27
231,2023-07-03,East,Home Office,Furniture,Chairs,6,1031.32,0.0,181.07
1997,2023-07-04,South,Consumer,Office Supplies,Paper,7,317.75,0.1,36.46
1900,2023-07-05,South,Corporate,Furniture,Bookcases,7,1181.85,0.3,172.74
589,2023-07-05,North,Consumer,Technology,Machines,1,447.68,0.0,38.98
2654,2023-07-05,North,Home Office,Office Supplies,Paper,3,85.22,0.0,21.97
1508,2023-07-06,East,Consumer,Furniture,Chairs,8,1266.35,0.0,142.88
1351,2023-07-06,East,Corporate,Furniture,Tables,2,437.53,0.2,7.95
243,2023-07-06,East,Home Office,Office Supplies,Paper,7,352.43,0.3,40.99
1449,2023-07-07,South,Home Office,Technology,Accessories,2,576.0,0.1,55.89
2799,2023-07-07,East,Corporate,Office Supplies,Binders,4,131.74,0.3,10.41
2726,2023-07-07,East,Corporate,Office Supplies,Storage,2,95.61,0.1,25.62
93,2023-07-07,East,Corporate,Furniture,Tables,6,1694.49,0.0,339.2
2706,2023-07-07,East,Consumer,Technology,Machines,5,2041.02,0.2,329.22
454,2023-07-08,South,Home Office,Furniture,Tables,2,323.5,0.0,55.49
546,2023-07-09,South,Home Office,Furniture,Chairs,2,421.85,0.0,82.24
405,2023-07-09,South,Home Office,Technology,Accessories,2,1219.26,0.2,120.17
652,2023-07-09,West,Consumer,Office Supplies,Binders,7,186.66,0.3,-22.88
2411,2023-07-09,West,Home Office,Technology,Phones,2,770.71,0.2,54.27
174,2023-07-09,West,Consumer,Technology,Accessories,6,2480.33,0.3,93.55
39,2023-07-09,East,Home Office,Furniture,Chairs,4,939.77,0.1,97.43
2566,2023-07-09,South,Corporate,Furniture,Bookcases,8,2366.64,0.15,613.36
360,2023-07-10,East,Corporate,Technology,Phones,9,5327.11,0.0,635.65
1615,2023-07-10,South,Consumer,Office Supplies,Binders,2,99.8,0.0,22.64
654,2023-07-10,East,Home Office,Furniture,Bookcases,3,951.99,0.2,64.72
539,2023-07-11,East,Corporate,Office Supplies,Binders,9,308.57,0.15,-9.74
2488,2023-07-11,South,Home Office,Technology,Phones,4,2043.71,0.1,412.15
338,2023-07-11,West,Corporate,Technology,Phones,2,1017.91,0.0,67.82
891,2023-07-11,West,Home Office,Furniture,Tables,2,665.55,0.0,67.56
1669,2023-07-11,West,Consumer,Technology,Phones,9,5499.76,0.0,818.01
25,2023-07-11,North,Consumer,Furniture,Tables,5,1465.06,0.1,114.34
2022,2023-07-12,West,Consumer,Office Supplies,Storage,6,369.22,0.0,123.68
1209,2023-07-13,North,Consumer,Office Supplies,Binders,1,61.05,0.0,20.53
963,2023-07-13,West,Consumer,Furniture,Chairs,7,2644.28,0.3,-259.6
611,2023-07-13,North,Home Office,Furniture,Chairs,7,1552.54,0.0,131.47
1808,2023-07-13,West,Consumer,Technology,Accessories,9,3713.82,0.2,267.49
826,2023-07-14,East,Corporate,Office Supplies,Storage,7,244.24,0.0,57.7
1565,2023-07-14,North,Corporate,Office Supplies,Paper,4,182.07,0.15,4.48
312,2023-07-14,East,Corporate,Office Supplies,Binders,5,183.15,0.0,51.27
825,2023-07-14,East,Consumer,Technology,Phones,1,261.37,0.3,7.57
2829,2023-07-15,South,Home Office,Office Supplies,Paper,6,200.24,0.1,45.9
1664,2023-07-15,North,Consumer,Technology,Machines,6,2507.1,0.3,293.69
526,2023-07-15,East,Consumer,Office Supplies,Paper,8,238.16,0.15,26.24
2322,2023-07-15,East,Home Office,Office Supplies,Binders,8,386.84,0.3,-14.65
423,2023-07-15,North,Home Office,Technology,Accessories,8,4383.19,0.3,184.4
1074,2023-07-15,South,Corporate,Technology,Accessories,1,315.45,0.0,67.51
2995,2023-07-15,East,Home Office,Technology,Phones,6,3285.38,0.2,129.6
2754,2023-07-17,South,Consumer,Technology,Accessories,1,469.49,0.0,59.66
237,2023-07-17,South,Home Office,Technology,Machines,9,5447.64,0.0,280.6
2881,2023-07-17,North,Consumer,Furniture,Chairs,9,3029.97,0.15,478.3
1981,2023-07-17,South,Corporate,Office Supplies,Paper,1,25.64,0.2,-1.28
1052,2023-07-17,West,Home Office,Office Supplies,Paper,6,334.06,0.1,87.75
1745,2023-07-18,East,Home Office,Office Supplies,Storage,8,428.0,0.0,87.15
2840,2023-07-18,East,Home Office,Technology,Phones,6,2892.52,0.3,-235.29
2515,2023-07-19,West,Consumer,Office Supplies,Storage,2,53.2,0.0,14.79
1412,2023-07-19,East,Corporate,Technology,Accessories,9,3464.02,0.0,1138.42
2505,2023-07-19,North,Consumer,Office Supplies,Paper,7,419.86,0.15,89.86
1297,2023-07-20,North,Corporate,Technology,Accessories,2,874.59,0.2,-33.81
119,2023-07-20,East,Home Office,Technology,Phones,6,2076.78,0.1,164.0
1370,2023-07-20,North,Home Office,Furniture,Bookcases,8,2220.04,0.15,444.53
241,2023-07-20,East,Consumer,Technology,Phones,4,1151.83,0.15,137.57
708,2023-07-20,North,Consumer,Office Supplies,Binders,2,114.79,0.15,12.06
2704,2023-07-21,East,Corporate,Technology,Machines,4,1397.87,0.0,210.76
1145,2023-07-21,West,Consumer,Furniture,Tables,4,614.95,0.2,2.14
79,2023-07-21,South,Home Office,Furniture,Chairs,4,1338.6,0.0,325.88
2188,2023-07-21,North,Consumer,Office Supplies,Binders,6,158.94,0.1,37.39
2836,2023-07-22,North,Consumer,Office Supplies,Binders,2,84.59,0.0,26.21
2613,2023-07-22,North,Corporate,Furniture,Tables,2,627.09,0.0,85.93
230,2023-07-22,South,Corporate,Office Supplies,Binders,5,233.16,0.3,-3.22
668,2023-07-22,South,Corporate,Office Supplies,Paper,6,310.29,0.1,62.01
471,2023-07-23,North,Corporate,Technology,Accessories,6,3577.06,0.0,685.63
1961,2023-07-23,North,Consumer,Office Supplies,Storage,4,130.97,0.1,14.1
813,2023-07-24,East,Corporate,Office Supplies,Paper,5,180.92,0.0,51.74
2819,2023-07-24,East,Home Office,Furniture,Bookcases,6,1736.81,0.1,282.63
1754,2023-07-25,South,Corporate,Office Supplies,Paper,9,307.76,0.2,35.57
2356,2023-07-25,West,Consumer,Office Supplies,Storage,7,328.7,0.1,22.7
65,2023-07-25,East,Consumer,Office Supplies,Binders,5,126.73,0.0,22.16
1986,2023-07-25,North,Consumer,Technology,Phones,7,2705.35,0.1,711.45
1875,2023-07-26,North,Corporate,Office Supplies,Binders,3,187.98,0.1,42.23
138,2023-07-26,South,Home Office,Office Supplies,Paper,4,110.74,0.1,20.21
781,2023-07-26,East,Corporate,Technology,Machines,7,3499.62,0.0,1025.66
1732,2023-07-27,South,Corporate,Office Supplies,Paper,3,163.62,0.0,15.34
280,2023-07-27,West,Corporate,Furniture,Bookcases,4,1272.38,0.2,167.86
1838,2023-07-27,East,Consumer,Office Supplies,Paper,4,214.45,0.15,53.76
2276,2023-07-27,East,Corporate,Office Supplies,Binders,3,177.97,0.1,31.02
2682,2023-07-28,North,Consumer,Office Supplies,Storage,7,431.79,0.3,51.53
1290,2023-07-28,North,Home Office,Furniture,Tables,7,1204.99,0.0,194.87
2263,2023-07-28,North,Corporate,Office Supplies,Storage,3,89.41,0.0,21.23
1156,2023-07-29,West,Corporate,Technology,Phones,4,1552.14,0.0,137.03
1113,2023-07-29,West,Corporate,Technology,Phones,6,1836.42,0.3,-5.65
2954,2023-07-29,West,Corporate,Furniture,Tables,6,2286.75,0.0,155.94
1677,2023-07-29,North,Consumer,Office Supplies,Paper,1,31.17,0.2,6.61
2691,2023-07-30,South,Consumer,Office Supplies,Paper,9,513.01,0.15,61.06
2729,2023-07-30,North,Home Office,Technology,Accessories,3,1041.28,0.0,261.52
2535,2023-07-30,North,Home Office,Technology,Phones,5,1301.94,0.3,175.71
905,2023-07-31,East,Consumer,Furniture,Chairs,4,706.13,0.15,179.07
2915,2023-08-01,West,Corporate,Technology,Accessories,9,3198.88,0.1,129.2
667,2023-08-01,West,Home Office,Office Supplies,Storage,8,228.23,0.1,30.93
2622,2023-08-01,South,Home Office,Furniture,Tables,1,193.62,0.0,43.1
2459,2023-08-01,East,Corporate,Office Supplies,Storage,3,161.71,0.1,30.29
2456,2023-08-01,South,Home Office,Office Supplies,Binders,7,273.59,0.0,63.59
1785,2023-08-02,West,Home Office,Office Supplies,Binders,3,85.26,0.2,9.45
853,2023-08-02,West,Home Office,Technology,Machines,8,3927.23,0.0,1342.89
2912,2023-08-02,South,Consumer,Furniture,Tables,9,3074.89,0.0,928.99
11,2023-08-03,South,Consumer,Technology,Accessories,3,1887.33,0.2,263.84
1191,2023-08-03,South,Home Office,Furniture,Tables,5,1246.99,0.1,279.26
595,2023-08-03,North,Consumer,Office Supplies,Paper,5,271.31,0.0,15.8
1082,2023-08-04,South,Consumer,Furniture,Chairs,1,177.6,0.1,2.0
1550,2023-08-04,West,Home Office,Office Supplies,Binders,7,168.34,0.1,7.86
1600,2023-08-04,East,Corporate,Office Supplies,Binders,3,88.76,0.2,4.44
2342,2023-08-04,West,Consumer,Office Supplies,Storage,4,133.91,0.1,5.05
1404,2023-08-04,North,Consumer,Office Supplies,Binders,6,155.16,0.0,23.76
1992,2023-08-04,West,Corporate,Furniture,Bookcases,1,361.08,0.15,26.63
876,2023-08-04,South,Home Office,Office Supplies,Binders,6,240.37,0.0,69.94
1995,2023-08-05,West,Corporate,Technology,Phones,3,1668.07,0.0,279.69
732,2023-08-05,West,Corporate,Office Supplies,Binders,1,40.16,0.1,-0.22
625,2023-08-05,West,Home Office,Furniture,Bookcases,7,1780.99,0.0,235.27
2563,2023-08-05,East,Consumer,Furniture,Bookcases,5,1432.49,0.0,194.7
92,2023-08-05,East,Corporate,Office Supplies,Storage,2,103.21,0.3,1.98
552,2023-08-05,North,Home Office,Office Supplies,Storage,8,394.28,0.1,58.17
1379,2023-08-05,East,Consumer,Office Supplies,Binders,7,294.72,0.2,16.61
1533,2023-08-06,North,Home Office,Office Supplies,Storage,5,144.56,0.1,10.27
2025,2023-08-06,North,Consumer,Furniture,Chairs,9,1959.63,0.15,259.4
2229,2023-08-06,East,Corporate,Office Supplies,Storage,2,112.1,0.1,20.57
134,2023-08-06,North,Corporate,Office Supplies,Paper,9,568.93,0.0,116.98
1110,2023-08-06,West,Consumer,Furniture,Tables,8,1574.7,0.3,40.94
472,2023-08-06,East,Home Office,Office Supplies,Binders,1,63.95,0.0,14.3
642,2023-08-08,North,Home Office,Furniture,Chairs,6,1927.8,0.3,149.08
2551,2023-08-08,West,Home Office,Technology,Accessories,5,3106.55,0.1,715.33
466,2023-08-08,South,Corporate,Office Supplies,Paper,9,280.5,0.2,19.1
2810,2023-08-08,East,Consumer,Office Supplies,Paper,2,50.73,0.15,-1.52
2966,2023-08-08,East,Corporate,Office Supplies,Binders,5,214.81,0.1,61.99
2044,2023-08-08,East,Corporate,Office Supplies,Paper,1,50.49,0.0,16.22
215,2023-08-08,South,Corporate,Office Supplies,Storage,7,363.59,0.1,52.41
2167,2023-08-08,West,Consumer,Office Supplies,Paper,7,341.08,0.0,20.01
343,2023-08-08,North,Corporate,Technology,Accessories,3,1121.03,0.15,96.41
2812,2023-08-08,East,Consumer,Technology,Accessories,3,1856.51,0.0,116.82
2713,2023-08-09,West,Consumer,Office Supplies,Storage,5,271.63,0.0,58.5
2096,2023-08-09,East,Consumer,Technology,Phones,1,379.46,0.1,95.32
2423,2023-08-09,West,Consumer,Office Supplies,Paper,5,227.32,0.15,-3.4
1661,2023-08-10,South,Corporate,Furniture,Tables,2,463.41,0.0,106.77
1213,2023-08-10,North,Home Office,Office Supplies,Paper,6,355.95,0.1,34.24
2597,2023-08-10,West,Home Office,Office Supplies,Binders,5,215.88,0.0,19.67
591,2023-08-11,South,Home Office,Technology,Phones,8,2768.15,0.15,-67.52
951,2023-08-11,North,Consumer,Office Supplies,Storage,3,138.85,0.15,17.0
1438,2023-08-11,East,Consumer,Furniture,Chairs,4,1304.41,0.15,-15.12
1999,2023-08-11,West,Home Office,Technology,Accessories,1,280.77,0.0,43.42
485,2023-08-11,North,Corporate,Office Supplies,Paper,6,208.03,0.0,24.78
1822,2023-08-11,West,Home Office,Technology,Machines,3,833.18,0.1,237.44
1646,2023-08-11,East,Corporate,Furniture,Tables,7,1809.91,0.0,547.51
2553,2023-08-11,West,Consumer,Furniture,Bookcases,4,1153.59,0.15,135.12
1589,2023-08-12,East,Consumer,Office Supplies,Paper,6,333.98,0.3,-1.97
727,2023-08-12,East,Consumer,Office Supplies,Storage,8,320.58,0.0,86.5
1657,2023-08-12,West,Consumer,Furniture,Tables,2,662.88,0.15,40.32
1638,2023-08-12,South,Home Office,Furniture,Tables,3,1149.33,0.0,296.18
2663,2023-08-12,West,Consumer,Furniture,Bookcases,7,2732.11,0.0,718.19
975,2023-08-13,East,Corporate,Furniture,Tables,8,2781.41,0.0,383.69
1803,2023-08-13,West,Consumer,Office Supplies,Paper,9,469.72,0.0,104.61
217,2023-08-13,South,Home Office,Technology,Accessories,8,3110.95,0.15,7.36
1047,2023-08-13,South,Home Office,Furniture,Chairs,5,1039.82,0.15,134.07
175,2023-08-13,North,Corporate,Office Supplies,Storage,8,213.99,0.0,40.5
189,2023-08-13,South,Home Office,Technology,Machines,3,1917.15,0.0,119.07
1518,2023-08-14,East,Corporate,Technology,Phones,8,4544.49,0.2,850.55
1275,2023-08-14,North,Home Office,Furniture,Chairs,2,663.92,0.0,164.53
329,2023-08-14,West,Consumer,Office Supplies,Storage,2,111.98,0.1,26.63
2578,2023-08-14,East,Corporate,Office Supplies,Binders,7,271.33,0.15,65.53
2198,2023-08-14,South,Home Office,Office Supplies,Storage,7,381.69,0.1,82.82
1574,2023-08-14,West,Corporate,Office Supplies,Storage,6,278.37,0.15,-1.25
1532,2023-08-14,North,Consumer,Technology,Machines,2,912.42,0.0,96.77
294,2023-08-15,South,Corporate,Furniture,Tables,2,758.63,0.1,25.02
2930,2023-08-15,West,Corporate,Office Supplies,Binders,3,156.39,0.0,50.56
1352,2023-08-15,West,Corporate,Furniture,Chairs,3,499.22,0.1,109.56
2700,2023-08-15,North,Consumer,Office Supplies,Binders,3,86.57,0.0,28.15
2479,2023-08-15,West,Home Office,Furniture,Tables,1,387.4,0.0,101.54
1685,2023-08-15,South,Corporate,Technology,Phones,9,4176.83,0.0,1340.13
671,2023-08-15,North,Home Office,Technology,Machines,4,2119.02,0.0,673.15
2999,2023-08-15,North,Consumer,Technology,Phones,1,367.3,0.3,16.17
2531,2023-08-16,East,Home Office,Technology,Machines,8,4564.36,0.1,388.96
914,2023-08-16,East,Consumer,Furniture,Bookcases,1,194.82,0.0,11.21
2822,2023-08-16,West,Consumer,Office Supplies,Binders,4,220.09,0.1,4.21
1081,2023-08-16,East,Corporate,Office Supplies,Paper,1,45.39,0.0,9.19
669,2023-08-17,East,Consumer,Office Supplies,Storage,2,123.83,0.0,23.15
1234,2023-08-17,North,Corporate,Technology,Machines,4,1511.08,0.15,283.88
1387,2023-08-17,North,Consumer,Office Supplies,Storage,5,206.15,0.1,20.47
1020,2023-08-17,South,Consumer,Office Supplies,Storage,4,172.25,0.0,35.22
949,2023-08-17,West,Home Office,Office Supplies,Binders,4,153.04,0.0,30.11
1933,2023-08-17,West,Home Office,Furniture,Chairs,4,1158.14,0.1,12.56
2650,2023-08-17,North,Home Office,Furniture,Chairs,1,173.1,0.1,21.03
782,2023-08-17,North,Home Office,Office Supplies,Binders,1,59.8,0.15,2.09
323,2023-08-18,West,Corporate,Office Supplies,Paper,2,98.41,0.2,16.24
2251,2023-08-18,South,Home Office,Furniture,Bookcases,2,776.71,0.0,163.62
603,2023-08-18,South,Consumer,Furniture,Tables,8,2606.56,0.1,693.38
2669,2023-08-19,South,Consumer,Technology,Accessories,2,720.52,0.0,228.58
173,2023-08-19,South,Home Office,Furniture,Tables,9,3021.93,0.2,283.08
1926,2023-08-19,East,Corporate,Office Supplies,Paper,1,28.4,0.0,6.36
115,2023-08-19,South,Home Office,Office Supplies,Storage,6,319.04,0.3,-20.01
149,2023-08-19,North,Home Office,Office Supplies,Binders,8,213.91,0.0,69.78
1065,2023-08-19,West,Consumer,Office Supplies,Storage,5,295.14,0.2,62.87
2427,2023-08-19,East,Corporate,Furniture,Chairs,6,1824.13,0.2,7.56
898,2023-08-19,East,Home Office,Technology,Accessories,1,432.38,0.0,68.73
2529,2023-08-20,East,Home Office,Furniture,Chairs,4,1371.15,0.1,367.21
2501,2023-08-20,West,Consumer,Technology,Accessories,7,2982.25,0.1,864.74
277,2023-08-21,South,Consumer,Furniture,Chairs,7,1319.32,0.0,172.11
1656,2023-08-21,East,Consumer,Office Supplies,Binders,4,252.02,0.3,-15.0
1643,2023-08-21,South,Home Office,Technology,Phones,3,774.28,0.0,120.16
910,2023-08-21,East,Consumer,Office Supplies,Binders,3,181.58,0.15,42.93
565,2023-08-21,West,Consumer,Furniture,Bookcases,1,391.4,0.0,59.32
842,2023-08-21,South,Consumer,Office Supplies,Binders,4,192.57,0.3,-13.28
677,2023-08-21,East,Consumer,Technology,Machines,1,246.45,0.0,38.33
2601,2023-08-21,North,Corporate,Technology,Machines,5,2704.09,0.0,268.42
197,2023-08-21,East,Home Office,Office Supplies,Storage,9,449.51,0.0,43.54
190,2023-08-22,North,Home Office,Office Supplies,Binders,5,276.75,0.1,23.2
2677,2023-08-22,West,Home Office,Office Supplies,Paper,3,122.59,0.1,33.61
596,2023-08-23,North,Home Office,Office Supplies,Binders,3,78.04,0.0,8.29
1299,2023-08-23,South,Consumer,Office Supplies,Binders,8,354.08,0.0,120.69
2617,2023-08-23,East,Home Office,Technology,Machines,8,2736.65,0.1,534.91
2612,2023-08-24,South,Corporate,Furniture,Chairs,9,2677.81,0.0,590.41
1008,2023-08-24,West,Corporate,Furniture,Tables,8,2861.38,0.0,979.75
776,2023-08-24,South,Home Office,Technology,Phones,1,618.31,0.0,193.29
1757,2023-08-24,West,Consumer,Technology,Phones,5,3068.29,0.0,248.91
452,2023-08-25,West,Consumer,Office Supplies,Paper,1,32.61,0.1,8.71
1294,2023-08-25,West,Home Office,Furniture,Bookcases,5,824.84,0.3,28.61
1905,2023-08-25,South,Corporate,Technology,Phones,8,4867.29,0.1,698.22
2289,2023-08-25,North,Corporate,Furniture,Bookcases,1,301.18,0.1,81.41
2365,2023-08-26,East,Corporate,Office Supplies,Storage,5,306.15,0.1,13.38
2609,2023-08-26,North,Home Office,Furniture,Tables,3,879.46,0.3,-6.66
2952,2023-08-26,North,Corporate,Technology,Machines,9,2975.5,0.1,519.65
728,2023-08-27,South,Consumer,Office Supplies,Storage,4,189.72,0.1,23.47
1485,2023-08-27,West,Home Office,Technology,Accessories,5,1849.36,0.15,404.44
1233,2023-08-27,South,Home Office,Technology,Phones,9,4573.27,0.3,310.94
2335,2023-08-27,West,Corporate,Office Supplies,Storage,1,42.35,0.0,11.1
854,2023-08-27,South,Home Office,Furniture,Tables,9,1369.02,0.2,-82.69
2151,2023-08-29,West,Consumer,Furniture,Bookcases,2,561.96,0.1,162.38
144,2023-08-29,North,Consumer,Technology,Phones,4,1655.05,0.15,-61.71
2457,2023-08-30,North,Home Office,Office Supplies,Paper,9,561.44,0.15,-3.83
55,2023-08-30,East,Consumer,Furniture,Chairs,1,224.61,0.0,32.25
2500,2023-08-30,West,Home Office,Office Supplies,Binders,1,24.56,0.1,5.8
1666,2023-08-30,East,Corporate,Furniture,Chairs,6,2223.82,0.0,286.23
2192,2023-08-30,West,Corporate,Technology,Machines,7,3833.11,0.0,1209.07
1801,2023-08-30,West,Home Office,Technology,Machines,6,1633.06,0.0,204.08
720,2023-08-30,South,Consumer,Office Supplies,Paper,3,95.3,0.1,25.77
1991,2023-08-30,North,Consumer,Furniture,Chairs,5,1282.57,0.2,0.58
946,2023-08-31,East,Home Office,Office Supplies,Binders,1,36.64,0.1,3.03
157,2023-08-31,North,Corporate,Technology,Phones,7,4347.88,0.0,679.69
1527,2023-08-31,South,Consumer,Office Supplies,Paper,9,367.41,0.15,90.51
1852,2023-08-31,South,Corporate,Office Supplies,Binders,6,185.73,0.1,48.97
2903,2023-08-31,East,Corporate,Technology,Phones,4,2300.16,0.1,539.12
1151,2023-09-01,North,Corporate,Furniture,Chairs,6,1798.65,0.0,121.32
1365,2023-09-01,South,Consumer,Furniture,Tables,1,185.57,0.15,-3.64
43,2023-09-01,West,Corporate,Office Supplies,Storage,5,177.85,0.3,-16.92
2332,2023-09-01,South,Corporate,Furniture,Chairs,8,2905.61,0.0,339.28
1481,2023-09-02,East,Corporate,Office Supplies,Storage,3,189.27,0.2,5.09
2448,2023-09-03,West,Consumer,Office Supplies,Paper,8,481.63,0.15,87.73
1901,2023-09-03,South,Consumer,Office Supplies,Binders,3,94.58,0.0,15.97
380,2023-09-03,North,Consumer,Office Supplies,Paper,7,309.55,0.1,9.75
228,2023-09-04,North,Corporate,Technology,Machines,9,3369.63,0.1,748.11
2990,2023-09-04,East,Consumer,Furniture,Tables,8,1660.74,0.0,197.72
458,2023-09-04,West,Corporate,Furniture,Bookcases,6,1127.61,0.1,213.59
2296,2023-09-05,North,Consumer,Office Supplies,Paper,6,315.35,0.15,34.13
795,2023-09-06,North,Consumer,Furniture,Chairs,3,521.32,0.0,139.53
850,2023-09-06,East,Home Office,Office Supplies,Paper,2,102.42,0.2,-0.15
1427,2023-09-07,South,Corporate,Technology,Phones,2,807.07,0.0,137.87
769,2023-09-07,East,Corporate,Office Supplies,Storage,4,160.38,0.0,29.28
1892,2023-09-07,West,Consumer,Office Supplies,Paper,5,306.3,0.1,58.48
2826,2023-09-07,South,Corporate,Furniture,Tables,4,1110.75,0.2,74.82
1578,2023-09-08,South,Consumer,Technology,Accessories,9,2780.82,0.0,165.39
1472,2023-09-08,East,Home Office,Office Supplies,Binders,2,90.07,0.15,-0.49
721,2023-09-08,East,Home Office,Technology,Accessories,5,2058.9,0.1,76.61
1971,2023-09-08,South,Home Office,Office Supplies,Storage,8,407.6,0.1,116.61
1833,2023-09-08,West,Corporate,Office Supplies,Binders,5,156.65,0.0,24.03
1993,2023-09-08,West,Consumer,Office Supplies,Binders,7,418.31,0.15,41.64
629,2023-09-09,South,Consumer,Office Supplies,Paper,9,285.37,0.1,55.14
85,2023-09-09,North,Consumer,Furniture,Tables,9,3089.57,0.1,291.74
31,2023-09-10,East,Corporate,Office Supplies,Binders,3,114.57,0.3,8.09
361,2023-09-10,North,Home Office,Technology,Phones,5,1476.25,0.2,118.13
2359,2023-09-10,North,Consumer,Furniture,Tables,9,2252.77,0.1,77.62
865,2023-09-10,South,Corporate,Office Supplies,Storage,6,360.3,0.0,59.24
602,2023-09-10,South,Corporate,Office Supplies,Binders,2,127.99,0.0,30.92
516,2023-09-10,East,Home Office,Office Supplies,Paper,8,269.82,0.1,12.88
713,2023-09-10,East,Corporate,Office Supplies,Binders,6,300.98,0.1,11.34
2402,2023-09-10,North,Consumer,Furniture,Tables,4,1322.85,0.2,17.45
1101,2023-09-11,East,Home Office,Furniture,Bookcases,4,945.95,0.0,180.41
1073,2023-09-11,West,Home Office,Office Supplies,Storage,7,224.46,0.0,64.29
293,2023-09-11,North,Consumer,Technology,Phones,4,1862.27,0.1,20.15
479,2023-09-11,South,Corporate,Furniture,Bookcases,1,362.96,0.2,-23.92
2390,2023-09-11,East,Home Office,Office Supplies,Binders,4,206.38,0.1,24.54
271,2023-09-11,North,Corporate,Office Supplies,Binders,6,331.59,0.0,41.24
2214,2023-09-11,East,Home Office,Technology,Phones,1,428.52,0.1,7.66
2774,2023-09-11,East,Consumer,Office Supplies,Binders,3,137.14,0.3,-10.37
2926,2023-09-11,West,Corporate,Technology,Phones,1,319.7,0.3,-18.62
2614,2023-09-13,West,Corporate,Office Supplies,Binders,6,218.67,0.0,18.6
716,2023-09-13,East,Home Office,Technology,Accessories,8,2217.94,0.1,568.38
1274,2023-09-13,East,Corporate,Technology,Accessories,4,1668.92,0.0,575.13
363,2023-09-13,East,Home Office,Office Supplies,Storage,3,178.35,0.0,17.04
1950,2023-09-14,North,Corporate,Office Supplies,Binders,8,502.32,0.0,161.44
1724,2023-09-14,North,Home Office,Furniture,Bookcases,5,1831.46,0.1,301.07
862,2023-09-14,South,Corporate,Office Supplies,Storage,4,146.56,0.0,35.18
493,2023-09-15,North,Home Office,Technology,Machines,4,1346.65,0.0,195.36
1633,2023-09-15,West,Corporate,Office Supplies,Storage,3,83.88,0.15,11.65
2257,2023-09-16,South,Home Office,Office Supplies,Storage,7,201.89,0.0,33.09
181,2023-09-16,West,Home Office,Office Supplies,Storage,9,302.94,0.0,53.76
2961,2023-09-16,West,Corporate,Office Supplies,Paper,5,275.77,0.0,77.05
685,2023-09-16,North,Consumer,Furniture,Tables,3,1096.38,0.1,316.16
987,2023-09-16,West,Consumer,Furniture,Chairs,1,376.9,0.2,29.07
1535,2023-09-16,East,Consumer,Technology,Phones,8,3411.09,0.15,715.2
2790,2023-09-17,East,Corporate,Office Supplies,Paper,4,178.47,0.1,45.45
2973,2023-09-17,West,Home Office,Office Supplies,Binders,3,146.6,0.3,-18.19
2986,2023-09-17,South,Consumer,Office Supplies,Binders,6,192.46,0.3,-11.89
2417,2023-09-17,East,Home Office,Technology,Machines,8,4764.65,0.15,1133.81
2755,2023-09-17,West,Home Office,Office Supplies,Storage,9,289.85,0.15,69.57
2786,2023-09-18,South,Consumer,Office Supplies,Paper,9,520.33,0.0,31.65
1087,2023-09-18,South,Consumer,Office Supplies,Storage,2,73.86,0.0,13.63
1572,2023-09-18,South,Consumer,Technology,Accessories,5,1691.65,0.15,311.83
1273,2023-09-18,West,Corporate,Technology,Accessories,7,4139.85,0.0,247.31
2542,2023-09-18,South,Corporate,Office Supplies,Binders,2,49.58,0.15,4.72
1934,2023-09-18,West,Corporate,Office Supplies,Paper,6,304.94,0.2,-16.11
991,2023-09-18,South,Home Office,Office Supplies,Paper,2,58.12,0.1,12.73
2658,2023-09-18,North,Corporate,Technology,Accessories,3,1379.99,0.2,219.4
2325,2023-09-19,South,Corporate,Office Supplies,Paper,4,224.38,0.1,50.8
1599,2023-09-19,North,Corporate,Office Supplies,Paper,7,342.87,0.1,18.94
2413,2023-09-20,South,Consumer,Office Supplies,Paper,1,53.48,0.2,-0.04
2143,2023-09-20,North,Consumer,Office Supplies,Paper,6,249.68,0.1,34.24
264,2023-09-20,East,Home Office,Office Supplies,Binders,5,291.44,0.2,18.12
2216,2023-09-20,West,Consumer,Furniture,Bookcases,2,766.41,0.15,182.77
1239,2023-09-21,North,Corporate,Office Supplies,Storage,2,97.85,0.2,13.19
2267,2023-09-21,West,Consumer,Technology,Phones,9,3743.17,0.15,562.19
417,2023-09-21,West,Home Office,Office Supplies,Binders,4,224.82,0.2,10.91
1827,2023-09-21,North,Corporate,Office Supplies,Binders,8,383.0,0.3,55.96
1216,2023-09-21,West,Corporate,Furniture,Chairs,9,3403.58,0.0,567.75
567,2023-09-22,East,Home Office,Office Supplies,Binders,6,218.14,0.0,61.28
2357,2023-09-23,South,Corporate,Technology,Phones,4,1549.31,0.2,242.58
1487,2023-09-23,South,Corporate,Furniture,Tables,3,965.22,0.0,294.3
2088,2023-09-24,South,Home Office,Office Supplies,Binders,8,234.59,0.2,52.41
1559,2023-09-24,South,Consumer,Office Supplies,Storage,8,348.69,0.0,26.82
2940,2023-09-25,South,Consumer,Furniture,Bookcases,3,931.01,0.0,97.06
203,2023-09-25,South,Home Office,Office Supplies,Storage,9,575.01,0.0,183.55
1329,2023-09-25,North,Consumer,Technology,Accessories,2,657.13,0.0,92.16
1903,2023-09-25,South,Corporate,Technology,Phones,5,1338.63,0.0,285.36
2958,2023-09-25,West,Home Office,Technology,Phones,9,3045.88,0.3,-272.39
774,2023-09-25,North,Home Office,Office Supplies,Paper,1,44.5,0.0,8.3
505,2023-09-25,East,Consumer,Technology,Accessories,5,2499.11,0.2,445.98
1416,2023-09-25,South,Consumer,Office Supplies,Paper,1,28.91,0.2,2.35
2984,2023-09-26,West,Consumer,Office Supplies,Paper,7,422.97,0.1,63.99
427,2023-09-26,West,Consumer,Office Supplies,Binders,5,269.6,0.2,38.09
80,2023-09-27,West,Consumer,Office Supplies,Paper,4,109.65,0.0,27.42
1021,2023-09-27,South,Consumer,Furniture,Chairs,4,1531.94,0.3,42.29
1679,2023-09-27,North,Consumer,Technology,Accessories,2,531.06,0.0,63.38
1946,2023-09-27,North,Corporate,Furniture,Chairs,8,3025.72,0.0,644.13
2813,2023-09-27,West,Consumer,Furniture,Bookcases,2,655.22,0.0,127.01
1730,2023-09-28,West,Corporate,Furniture,Bookcases,2,692.62,0.1,134.38
81,2023-09-28,West,Consumer,Technology,Accessories,5,2576.09,0.0,832.9
1704,2023-09-28,South,Consumer,Technology,Accessories,5,2675.82,0.0,522.24
3,2023-09-28,West,Consumer,Technology,Accessories,5,2040.24,0.3,187.5
453,2023-09-29,East,Home Office,Technology,Machines,6,2184.74,0.0,268.02
1483,2023-09-29,South,Consumer,Furniture,Tables,8,1264.75,0.1,197.47
1444,2023-09-30,South,Home Office,Office Supplies,Storage,7,397.02,0.0,60.31
1756,2023-09-30,West,Consumer,Technology,Machines,7,1817.36,0.0,376.93
553,2023-09-30,North,Consumer,Furniture,Chairs,1,260.67,0.15,7.8
897,2023-09-30,South,Home Office,Technology,Machines,2,787.97,0.1,177.28
2581,2023-09-30,North,Home Office,Technology,Machines,2,787.21,0.1,96.05
2709,2023-09-30,South,Home Office,Office Supplies,Storage,7,424.71,0.15,25.18
1771,2023-10-01,West,Consumer,Technology,Phones,9,4225.4,0.1,1164.82
50,2023-10-01,North,Home Office,Office Supplies,Paper,5,239.82,0.0,44.98
1474,2023-10-01,West,Corporate,Office Supplies,Binders,6,240.05,0.1,59.17
888,2023-10-01,North,Consumer,Office Supplies,Paper,3,81.96,0.0,14.94
1394,2023-10-02,North,Consumer,Office Supplies,Binders,2,69.66,0.3,-2.61
1952,2023-10-03,East,Consumer,Office Supplies,Paper,6,249.28,0.0,86.8
1989,2023-10-03,West,Corporate,Furniture,Tables,9,2093.51,0.1,556.42
2528,2023-10-04,South,Home Office,Technology,Accessories,1,254.69,0.15,0.35
934,2023-10-04,South,Home Office,Furniture,Bookcases,9,1687.19,0.1,111.51
308,2023-10-04,South,Home Office,Furniture,Bookcases,3,889.19,0.1,53.46
2165,2023-10-04,East,Home Office,Office Supplies,Storage,3,89.48,0.2,11.01
330,2023-10-04,North,Consumer,Office Supplies,Binders,5,202.83,0.3,6.56
26,2023-10-04,South,Consumer,Technology,Phones,1,486.83,0.0,74.76
2907,2023-10-04,South,Corporate,Office Supplies,Paper,8,426.02,0.15,-3.57
535,2023-10-04,West,Consumer,Furniture,Bookcases,5,979.28,0.0,186.17
1298,2023-10-05,North,Consumer,Office Supplies,Binders,1,54.54,0.1,8.56
2633,2023-10-05,West,Consumer,Office Supplies,Storage,5,274.28,0.1,-1.25
1663,2023-10-05,East,Corporate,Technology,Phones,4,1336.52,0.1,370.3
2290,2023-10-06,West,Corporate,Furniture,Tables,9,2721.51,0.15,303.89
551,2023-10-06,East,Home Office,Office Supplies,Paper,9,285.24,0.15,45.44
2068,2023-10-06,North,Home Office,Furniture,Tables,6,1386.76,0.2,156.0
2224,2023-10-07,South,Consumer,Office Supplies,Binders,9,224.65,0.3,-28.49
351,2023-10-07,West,Consumer,Furniture,Chairs,1,323.5,0.0,47.14
1280,2023-10-07,East,Consumer,Office Supplies,Storage,4,103.12,0.15,-1.68
235,2023-10-07,West,Home Office,Office Supplies,Storage,8,292.21,0.2,-12.65
824,2023-10-08,East,Consumer,Technology,Machines,8,3609.0,0.1,589.58
2648,2023-10-08,South,Home Office,Office Supplies,Binders,6,267.3,0.0,72.65
1295,2023-10-08,North,Home Office,Technology,Phones,6,3002.11,0.1,739.67
730,2023-10-09,West,Home Office,Furniture,Tables,9,2898.49,0.15,575.6
926,2023-10-09,East,Consumer,Office Supplies,Paper,4,218.18,0.1,49.52
1977,2023-10-09,North,Home Office,Office Supplies,Paper,3,90.35,0.2,-1.02
178,2023-10-10,North,Corporate,Office Supplies,Paper,4,118.45,0.15,17.31
327,2023-10-10,North,Corporate,Office Supplies,Binders,4,99.86,0.0,8.8
2625,2023-10-10,East,Corporate,Technology,Machines,5,3166.99,0.1,169.79
1097,2023-10-10,East,Home Office,Furniture,Bookcases,2,649.11,0.1,30.32
2962,2023-10-10,East,Home Office,Furniture,Chairs,2,771.44,0.1,108.02
332,2023-10-11,South,Home Office,Technology,Phones,7,2726.66,0.1,-17.17
2502,2023-10-11,North,Corporate,Office Supplies,Binders,3,114.54,0.2,8.99
1957,2023-10-11,West,Corporate,Furniture,Bookcases,4,1208.32,0.0,333.13
1698,2023-10-12,East,Corporate,Office Supplies,Storage,4,161.82,0.0,14.36
465,2023-10-12,East,Home Office,Furniture,Bookcases,9,1723.92,0.0,572.3
1682,2023-10-12,North,Corporate,Office Supplies,Binders,3,172.84,0.0,19.79
511,2023-10-12,West,Corporate,Furniture,Tables,5,1822.91,0.1,410.67
1197,2023-10-12,North,Corporate,Office Supplies,Binders,8,298.59,0.0,23.58
1171,2023-10-12,North,Corporate,Technology,Phones,4,1916.66,0.1,-0.67
1261,2023-10-12,East,Consumer,Technology,Machines,5,1979.1,0.1,531.83
1201,2023-10-13,East,Home Office,Technology,Phones,1,372.49,0.0,82.36
2300,2023-10-13,North,Consumer,Furniture,Bookcases,2,752.36,0.2,-40.67
1324,2023-10-14,East,Home Office,Furniture,Bookcases,3,761.78,0.15,152.08
1941,2023-10-14,South,Corporate,Office Supplies,Paper,2,58.06,0.1,12.5
2273,2023-10-14,North,Corporate,Office Supplies,Binders,7,386.22,0.0,106.63
2395,2023-10-14,North,Consumer,Technology,Phones,9,3314.14,0.1,684.17
2037,2023-10-14,North,Corporate,Office Supplies,Paper,7,207.49,0.2,40.62
372,2023-10-15,South,Corporate,Technology,Machines,7,2048.72,0.15,374.08
1861,2023-10-15,West,Home Office,Technology,Accessories,7,3664.37,0.0,1108.08
2591,2023-10-15,North,Consumer,Office Supplies,Binders,4,202.49,0.2,27.46
2577,2023-10-15,East,Corporate,Furniture,Bookcases,3,1107.31,0.0,219.4
2576,2023-10-15,West,Consumer,Office Supplies,Paper,4,163.61,0.0,52.56
1244,2023-10-15,West,Consumer,Furniture,Bookcases,9,2065.52,0.15,184.91
2232,2023-10-15,West,Home Office,Office Supplies,Storage,9,475.5,0.0,46.18
1422,2023-10-15,East,Corporate,Office Supplies,Binders,2,66.94,0.1,4.78
478,2023-10-16,West,Consumer,Technology,Phones,9,3137.99,0.0,435.01
1598,2023-10-16,South,Corporate,Technology,Accessories,1,560.97,0.15,-1.12
1361,2023-10-16,West,Corporate,Furniture,Bookcases,2,422.66,0.3,-53.9
931,2023-10-16,South,Home Office,Technology,Accessories,8,4503.08,0.0,653.4
112,2023-10-16,South,Corporate,Technology,Phones,8,3048.33,0.2,258.19
2360,2023-10-16,North,Corporate,Furniture,Bookcases,1,333.46,0.1,16.53
1063,2023-10-16,South,Corporate,Furniture,Chairs,5,1651.89,0.0,502.0
1072,2023-10-16,West,Home Office,Technology,Machines,4,2367.76,0.0,399.85
2866,2023-10-16,West,Home Office,Furniture,Tables,3,463.96,0.1,67.4
2086,2023-10-18,West,Consumer,Office Supplies,Binders,2,60.72,0.15,2.86
1022,2023-10-18,North,Corporate,Technology,Phones,6,2257.38,0.0,504.45
2129,2023-10-18,East,Corporate,Office Supplies,Binders,5,250.09,0.3,24.87
1342,2023-10-19,North,Consumer,Furniture,Bookcases,5,952.53,0.15,85.79
1096,2023-10-19,South,Consumer,Technology,Accessories,5,3100.14,0.0,178.65
1918,2023-10-20,West,Consumer,Office Supplies,Storage,1,32.13,0.0,3.26
2180,2023-10-20,West,Home Office,Furniture,Chairs,9,1834.77,0.1,114.13
1975,2023-10-20,South,Corporate,Technology,Phones,8,3115.27,0.1,456.93
2102,2023-10-20,South,Corporate,Furniture,Tables,5,1952.41,0.2,-101.51
1500,2023-10-20,North,Consumer,Office Supplies,Binders,7,220.9,0.0,14.58
234,2023-10-21,South,Corporate,Office Supplies,Storage,4,204.5,0.1,19.24
2898,2023-10-21,West,Home Office,Technology,Phones,6,3004.79,0.0,1033.59
2005,2023-10-21,West,Home Office,Office Supplies,Binders,2,96.82,0.15,15.31
1898,2023-10-22,South,Home Office,Office Supplies,Storage,8,360.49,0.0,30.39
1036,2023-10-22,West,Corporate,Technology,Machines,8,3592.62,0.0,314.07
2792,2023-10-22,East,Home Office,Technology,Accessories,1,503.9,0.1,5.46
1637,2023-10-22,West,Home Office,Furniture,Chairs,8,2158.55,0.15,280.76
1016,2023-10-23,East,Consumer,Furniture,Chairs,1,297.98,0.15,39.16
87,2023-10-23,East,Consumer,Technology,Machines,6,1805.59,0.2,258.27
1346,2023-10-23,North,Home Office,Technology,Phones,6,2096.88,0.0,309.54
1128,2023-10-23,East,Home Office,Office Supplies,Paper,4,107.77,0.1,24.56
1376,2023-10-23,West,Home Office,Furniture,Tables,1,245.15,0.0,65.56
1035,2023-10-23,East,Corporate,Furniture,Tables,8,2947.64,0.0,546.28
1129,2023-10-24,West,Consumer,Furniture,Tables,8,1476.55,0.3,171.74
2945,2023-10-24,East,Home Office,Technology,Machines,5,1318.28,0.3,167.86
2153,2023-10-25,East,Corporate,Technology,Machines,6,3430.07,0.0,401.09
262,2023-10-25,North,Corporate,Office Supplies,Binders,2,67.96,0.1,4.91
1913,2023-10-25,West,Consumer,Furniture,Tables,5,1201.21,0.0,179.82
969,2023-10-27,South,Corporate,Technology,Accessories,2,777.17,0.1,117.47
2103,2023-10-27,South,Corporate,Office Supplies,Binders,6,233.92,0.0,71.55
626,2023-10-28,West,Consumer,Technology,Phones,7,3130.98,0.0,691.22
1588,2023-10-28,East,Consumer,Furniture,Chairs,1,159.06,0.3,1.03
1780,2023-10-28,South,Home Office,Furniture,Chairs,2,603.66,0.0,176.05
1851,2023-10-28,North,Corporate,Office Supplies,Binders,7,219.4,0.0,38.39
1939,2023-10-28,North,Corporate,Furniture,Tables,5,1630.98,0.2,352.8
2607,2023-10-29,East,Home Office,Technology,Accessories,3,1267.57,0.1,124.28
1514,2023-10-29,North,Home Office,Office Supplies,Paper,4,199.31,0.3,-13.12
354,2023-10-29,West,Consumer,Furniture,Bookcases,4,875.54,0.1,23.21
2668,2023-10-29,North,Corporate,Technology,Accessories,6,1548.62,0.0,426.82
2780,2023-10-29,West,Home Office,Office Supplies,Storage,6,360.67,0.0,36.49
515,2023-10-29,North,Consumer,Technology,Machines,2,1016.61,0.2,3.45
1107,2023-10-29,East,Corporate,Technology,Machines,3,985.35,0.0,211.14
2226,2023-10-29,North,Consumer,Office Supplies,Binders,4,152.44,0.2,14.01
1940,2023-10-30,North,Corporate,Furniture,Chairs,1,251.75,0.1,70.58
2032,2023-10-30,East,Home Office,Furniture,Chairs,8,1893.94,0.0,227.01
868,2023-10-30,West,Corporate,Technology,Machines,7,3322.09,0.0,1144.7
1718,2023-10-30,North,Home Office,Office Supplies,Storage,7,237.91,0.1,46.71
2750,2023-10-30,East,Consumer,Technology,Accessories,1,433.32,0.15,7.7
780,2023-10-30,West,Consumer,Office Supplies,Paper,7,330.33,0.1,24.73
2274,2023-10-30,South,Home Office,Technology,Phones,5,2172.64,0.0,393.52
2101,2023-10-31,North,Consumer,Technology,Accessories,6,2112.64,0.15,267.3
270,2023-10-31,South,Consumer,Furniture,Tables,2,325.31,0.0,72.28
2040,2023-10-31,East,Home Office,Technology,Machines,4,1436.35,0.1,96.83
411,2023-11-01,South,Consumer,Office Supplies,Paper,4,244.17,0.0,82.96
678,2023-11-01,North,Corporate,Office Supplies,Paper,3,115.06,0.1,12.05
2084,2023-11-01,South,Consumer,Office Supplies,Binders,4,244.65,0.0,35.47
1198,2023-11-01,East,Consumer,Furniture,Chairs,2,310.82,0.1,60.3
1816,2023-11-01,East,Consumer,Office Supplies,Binders,2,83.04,0.15,14.6
2854,2023-11-01,East,Corporate,Office Supplies,Paper,3,107.48,0.3,10.01
1963,2023-11-01,West,Consumer,Technology,Accessories,1,519.49,0.0,27.91
789,2023-11-02,West,Corporate,Furniture,Chairs,4,1050.71,0.15,259.2
1996,2023-11-02,West,Home Office,Office Supplies,Paper,7,351.64,0.3,-35.88
1678,2023-11-02,West,Corporate,Office Supplies,Paper,6,262.58,0.0,81.86
773,2023-11-02,South,Home Office,Technology,Machines,4,2006.78,0.1,548.28
2938,2023-11-03,South,Home Office,Office Supplies,Storage,9,295.99,0.0,85.25
1862,2023-11-03,North,Home Office,Office Supplies,Binders,8,479.43,0.0,108.48
2009,2023-11-04,South,Home Office,Technology,Phones,5,2124.23,0.1,317.4
794,2023-11-04,West,Home Office,Office Supplies,Binders,9,425.72,0.15,92.02
2470,2023-11-04,West,Home Office,Technology,Phones,7,2422.52,0.2,-117.67
1143,2023-11-05,South,Consumer,Office Supplies,Storage,5,255.7,0.0,50.68
1739,2023-11-05,South,Corporate,Technology,Accessories,2,1126.81,0.2,-74.95
1859,2023-11-05,North,Home Office,Technology,Machines,8,2602.13,0.0,454.38
20,2023-11-05,North,Home Office,Office Supplies,Binders,7,204.87,0.0,58.6
1526,2023-11-06,West,Home Office,Technology,Accessories,9,3067.22,0.0,224.97
1795,2023-11-06,East,Corporate,Office Supplies,Storage,9,427.09,0.0,54.39
1353,2023-11-06,West,Corporate,Technology,Machines,8,4936.87,0.0,898.72
2023,2023-11-07,North,Consumer,Furniture,Bookcases,4,1543.16,0.0,472.9
2324,2023-11-07,East,Home Office,Furniture,Chairs,1,195.09,0.1,36.57
2275,2023-11-07,South,Consumer,Furniture,Tables,7,1836.07,0.15,223.68
1468,2023-11-07,North,Home Office,Office Supplies,Binders,4,187.66,0.1,22.28
1360,2023-11-08,South,Home Office,Furniture,Bookcases,7,2566.88,0.1,8.38
1868,2023-11-08,South,Home Office,Furniture,Bookcases,8,2085.98,0.0,721.73
882,2023-11-08,South,Home Office,Furniture,Chairs,1,239.59,0.0,58.18
2150,2023-11-08,South,Consumer,Technology,Accessories,6,1903.69,0.2,-73.67
1955,2023-11-09,North,Home Office,Technology,Accessories,2,1120.13,0.1,213.59
2845,2023-11-09,South,Consumer,Office Supplies,Binders,9,267.94,0.0,66.39
1229,2023-11-09,West,Consumer,Office Supplies,Binders,8,319.81,0.1,34.74
2794,2023-11-09,South,Corporate,Office Supplies,Binders,6,353.11,0.0,56.68
1147,2023-11-09,South,Home Office,Technology,Phones,3,728.14,0.0,233.87
2679,2023-11-10,East,Home Office,Furniture,Tables,4,1252.07,0.1,337.92
2735,2023-11-10,North,Corporate,Office Supplies,Binders,4,133.36,0.0,11.08
1840,2023-11-10,West,Corporate,Technology,Machines,9,4574.56,0.0,975.26
29,2023-11-10,East,Consumer,Technology,Accessories,7,3689.2,0.2,-213.36
2847,2023-11-10,West,Home Office,Office Supplies,Paper,2,114.82,0.0,6.13
408,2023-11-10,South,Consumer,Office Supplies,Storage,2,85.8,0.0,17.61
929,2023-11-11,North,Consumer,Furniture,Bookcases,6,2363.29,0.0,540.04
2330,2023-11-12,East,Home Office,Technology,Phones,4,2515.05,0.15,528.7
1583,2023-11-12,North,Consumer,Furniture,Chairs,4,1401.95,0.15,277.58
53,2023-11-12,West,Home Office,Office Supplies,Binders,9,346.42,0.15,79.1
701,2023-11-12,North,Consumer,Furniture,Tables,6,1007.6,0.0,331.95
1817,2023-11-13,West,Consumer,Furniture,Tables,4,622.13,0.1,102.47
1829,2023-11-14,South,Consumer,Office Supplies,Storage,4,219.74,0.0,13.5
1920,2023-11-14,South,Consumer,Office Supplies,Storage,1,60.99,0.0,12.98
187,2023-11-14,West,Corporate,Office Supplies,Paper,9,539.25,0.2,14.88
1831,2023-11-14,South,Home Office,Office Supplies,Storage,9,435.78,0.0,101.94
1590,2023-11-14,East,Home Office,Technology,Phones,7,2729.53,0.0,489.16
1480,2023-11-14,North,Corporate,Office Supplies,Paper,6,372.55,0.15,49.78
1194,2023-11-14,South,Corporate,Office Supplies,Storage,8,232.2,0.1,21.68
1402,2023-11-14,East,Home Office,Furniture,Tables,8,2624.11,0.2,181.46
1007,2023-11-14,North,Home Office,Technology,Accessories,8,2277.06,0.0,406.31
999,2023-11-15,North,Consumer,Office Supplies,Binders,9,547.3,0.1,157.82
2728,2023-11-15,South,Corporate,Office Supplies,Paper,3,145.11,0.1,11.46
1513,2023-11-15,South,Corporate,Furniture,Tables,1,353.89,0.1,96.79
2546,2023-11-16,North,Corporate,Furniture,Chairs,3,547.17,0.2,20.45
983,2023-11-16,West,Home Office,Furniture,Tables,2,667.04,0.0,156.91
1772,2023-11-16,West,Corporate,Office Supplies,Paper,5,155.35,0.1,23.62
2215,2023-11-16,North,Corporate,Office Supplies,Paper,7,318.59,0.1,30.03
1017,2023-11-16,South,Consumer,Furniture,Chairs,1,248.49,0.0,24.97
927,2023-11-16,North,Consumer,Office Supplies,Paper,4,206.28,0.1,31.24
2298,2023-11-17,West,Consumer,Furniture,Bookcases,2,714.66,0.1,106.02
392,2023-11-17,West,Home Office,Technology,Machines,6,3820.53,0.3,-339.62
998,2023-11-17,North,Corporate,Furniture,Chairs,2,796.12,0.15,-17.2
953,2023-11-18,South,Home Office,Furniture,Bookcases,4,1113.63,0.2,46.88
1561,2023-11-19,West,Corporate,Office Supplies,Storage,9,378.42,0.1,97.88
369,2023-11-19,East,Home Office,Office Supplies,Binders,2,69.9,0.3,-7.04
364,2023-11-19,East,Consumer,Office Supplies,Storage,2,125.22,0.1,22.49
1594,2023-11-19,South,Consumer,Office Supplies,Storage,4,232.73,0.3,-8.04
1667,2023-11-20,West,Consumer,Technology,Accessories,4,1185.57,0.15,218.43
2119,2023-11-20,West,Home Office,Office Supplies,Binders,1,27.2,0.15,-1.01
1119,2023-11-20,East,Corporate,Office Supplies,Storage,5,159.11,0.1,37.42
2056,2023-11-20,West,Home Office,Office Supplies,Binders,7,444.93,0.0,60.73
1498,2023-11-20,South,Home Office,Office Supplies,Binders,7,303.74,0.0,40.51
1090,2023-11-20,East,Corporate,Office Supplies,Binders,3,158.59,0.0,47.67
489,2023-11-21,East,Corporate,Furniture,Tables,3,608.23,0.2,-37.04
2106,2023-11-22,East,Home Office,Office Supplies,Storage,6,233.59,0.1,2.13
244,2023-11-22,South,Home Office,Office Supplies,Storage,8,319.85,0.0,17.03
971,2023-11-22,West,Home Office,Technology,Accessories,6,1852.08,0.15,-59.93
1651,2023-11-22,East,Home Office,Furniture,Bookcases,7,1998.27,0.0,489.64
1189,2023-11-23,South,Corporate,Office Supplies,Paper,9,461.46,0.3,-27.83
624,2023-11-23,South,Consumer,Furniture,Bookcases,8,2724.89,0.3,189.23
2864,2023-11-23,South,Corporate,Technology,Accessories,7,1789.93,0.1,458.43
2092,2023-11-24,East,Consumer,Technology,Phones,8,4644.56,0.3,785.84
1231,2023-11-24,West,Corporate,Furniture,Chairs,7,1781.96,0.1,82.37
1577,2023-11-24,West,Home Office,Office Supplies,Storage,6,171.05,0.0,46.72
2409,2023-11-25,West,Home Office,Office Supplies,Paper,1,62.3,0.0,17.05
1001,2023-11-25,North,Corporate,Technology,Accessories,5,2036.0,0.1,376.1
2556,2023-11-25,East,Corporate,Technology,Phones,4,2504.79,0.1,452.6
1555,2023-11-25,North,Corporate,Office Supplies,Storage,3,165.43,0.0,41.93
1253,2023-11-26,South,Corporate,Furniture,Bookcases,4,608.83,0.0,202.3
807,2023-11-26,North,Consumer,Office Supplies,Binders,9,283.91,0.1,42.18
1530,2023-11-26,East,Consumer,Furniture,Chairs,3,1155.54,0.15,255.82
1398,2023-11-26,West,Corporate,Technology,Machines,1,387.16,0.0,48.68
689,2023-11-26,North,Corporate,Technology,Phones,4,1140.54,0.2,137.81
168,2023-11-27,North,Home Office,Office Supplies,Binders,1,62.06,0.15,8.9
2070,2023-11-27,West,Home Office,Technology,Machines,2,1037.1,0.0,189.11
12,2023-11-27,North,Corporate,Technology,Phones,9,3257.1,0.2,47.09
1877,2023-11-28,West,Consumer,Office Supplies,Paper,5,174.87,0.15,1.02
1566,2023-11-28,South,Home Office,Technology,Phones,5,2692.84,0.1,521.08
1915,2023-11-30,South,Consumer,Technology,Machines,9,5541.19,0.1,339.35
1972,2023-11-30,West,Home Office,Technology,Phones,6,1954.32,0.15,8.34
2122,2023-11-30,North,Consumer,Office Supplies,Paper,5,186.04,0.0,62.05
1009,2023-11-30,North,Consumer,Office Supplies,Binders,5,250.6,0.1,51.74
791,2023-12-01,North,Corporate,Technology,Accessories,8,3511.17,0.0,481.79
1429,2023-12-01,South,Corporate,Office Supplies,Paper,5,202.1,0.0,55.28
1896,2023-12-01,East,Consumer,Office Supplies,Paper,5,256.69,0.1,62.3
1660,2023-12-01,North,Corporate,Technology,Machines,9,3196.15,0.0,816.42
798,2023-12-01,North,Consumer,Furniture,Chairs,5,1833.85,0.3,-15.66
2113,2023-12-02,North,Corporate,Furniture,Bookcases,5,1745.74,0.2,320.86
2364,2023-12-02,East,Consumer,Office Supplies,Binders,2,95.59,0.1,-0.83
2010,2023-12-02,West,Home Office,Office Supplies,Paper,5,288.4,0.1,59.26
1602,2023-12-02,North,Consumer,Furniture,Bookcases,1,376.82,0.1,30.45
492,2023-12-02,East,Corporate,Office Supplies,Storage,9,294.28,0.0,49.23
2717,2023-12-02,East,Corporate,Office Supplies,Paper,8,289.24,0.0,100.34
2552,2023-12-03,South,Corporate,Office Supplies,Binders,6,247.63,0.2,5.84
860,2023-12-03,North,Home Office,Technology,Phones,8,3241.32,0.1,15.53
300,2023-12-04,North,Consumer,Furniture,Tables,4,1165.74,0.1,18.09
257,2023-12-04,South,Corporate,Office Supplies,Paper,5,134.02,0.0,14.01
2461,2023-12-04,West,Home Office,Furniture,Bookcases,1,361.49,0.0,95.16
1773,2023-12-04,North,Corporate,Office Supplies,Paper,1,42.54,0.1,5.82
90,2023-12-04,East,Corporate,Furniture,Tables,3,560.22,0.2,67.67
1405,2023-12-05,North,Home Office,Office Supplies,Storage,5,281.68,0.1,58.38
616,2023-12-05,South,Consumer,Technology,Machines,8,2373.18,0.0,499.89
1489,2023-12-06,West,Corporate,Furniture,Bookcases,4,948.99,0.1,159.9
167,2023-12-06,South,Consumer,Office Supplies,Binders,7,208.0,0.15,4.55
58,2023-12-06,West,Home Office,Furniture,Chairs,3,1198.37,0.15,249.91
2316,2023-12-07,West,Home Office,Office Supplies,Binders,3,97.78,0.1,27.2
2013,2023-12-07,South,Corporate,Technology,Phones,1,615.68,0.2,108.48
475,2023-12-07,North,Home Office,Furniture,Tables,8,1382.65,0.0,467.65
2809,2023-12-08,North,Consumer,Technology,Phones,9,5446.92,0.0,1620.81
410,2023-12-08,East,Corporate,Furniture,Chairs,8,2287.95,0.0,697.09
620,2023-12-08,South,Home Office,Furniture,Tables,1,372.16,0.1,77.61
1322,2023-12-08,East,Home Office,Office Supplies,Paper,7,364.78,0.0,117.48
557,2023-12-08,South,Corporate,Technology,Accessories,9,3932.52,0.0,743.96
2329,2023-12-08,South,Corporate,Office Supplies,Storage,4,218.92,0.1,51.41
1183,2023-12-08,South,Home Office,Technology,Phones,4,1516.85,0.1,430.14
2258,2023-12-08,North,Corporate,Office Supplies,Paper,4,176.3,0.1,10.52
2105,2023-12-09,East,Consumer,Office Supplies,Storage,8,294.09,0.15,15.99
1506,2023-12-10,East,Consumer,Office Supplies,Paper,9,279.29,0.0,19.62
101,2023-12-10,East,Corporate,Technology,Phones,4,1531.25,0.3,-94.01
1764,2023-12-10,West,Consumer,Office Supplies,Binders,4,200.55,0.15,33.2
1515,2023-12-10,East,Corporate,Office Supplies,Paper,6,235.12,0.2,12.05
21,2023-12-10,South,Corporate,Technology,Accessories,7,4434.75,0.0,763.18
2072,2023-12-10,South,Home Office,Office Supplies,Storage,8,470.8,0.15,97.33
2897,2023-12-10,West,Home Office,Furniture,Bookcases,9,2716.83,0.0,522.52
2034,2023-12-11,North,Home Office,Office Supplies,Binders,8,301.14,0.0,94.48
2140,2023-12-11,North,Consumer,Office Supplies,Storage,8,245.01,0.0,35.5
1611,2023-12-11,South,Home Office,Furniture,Tables,5,820.77,0.0,111.29
2398,2023-12-11,South,Consumer,Office Supplies,Binders,5,154.43,0.1,32.46
2618,2023-12-11,North,Corporate,Office Supplies,Paper,5,198.52,0.0,45.73
1106,2023-12-12,North,Home Office,Office Supplies,Binders,2,64.52,0.15,4.24
437,2023-12-12,South,Corporate,Technology,Phones,9,4927.49,0.0,1099.04
56,2023-12-12,East,Home Office,Office Supplies,Binders,7,173.35,0.1,34.03
1134,2023-12-12,East,Consumer,Furniture,Tables,9,2644.92,0.3,-227.28
249,2023-12-12,North,Corporate,Furniture,Chairs,8,3178.86,0.1,99.71
266,2023-12-12,East,Consumer,Office Supplies,Storage,7,186.39,0.2,10.43
844,2023-12-12,North,Consumer,Technology,Phones,5,3181.43,0.0,642.45
1159,2023-12-13,North,Consumer,Office Supplies,Paper,9,495.51,0.0,109.18
2291,2023-12-14,West,Corporate,Office Supplies,Binders,8,320.26,0.0,68.4
764,2023-12-14,South,Home Office,Furniture,Tables,2,629.93,0.1,138.01
171,2023-12-14,West,Consumer,Office Supplies,Storage,3,170.47,0.1,23.07
696,2023-12-14,West,Consumer,Technology,Phones,1,334.23,0.3,42.73
651,2023-12-14,East,Corporate,Technology,Machines,2,647.53,0.1,136.74
1019,2023-12-15,North,Home Office,Office Supplies,Storage,3,185.11,0.2,19.68
2782,2023-12-15,West,Home Office,Office Supplies,Binders,6,144.76,0.0,30.61
1227,2023-12-15,North,Corporate,Office Supplies,Storage,5,315.12,0.2,62.38
1747,2023-12-15,East,Home Office,Furniture,Bookcases,9,1566.56,0.0,486.95
352,2023-12-15,East,Consumer,Office Supplies,Storage,6,165.91,0.0,13.51
1591,2023-12-15,East,Corporate,Office Supplies,Paper,8,242.74,0.1,62.84
246,2023-12-15,North,Corporate,Furniture,Chairs,1,324.93,0.1,80.92
1459,2023-12-15,West,Consumer,Furniture,Tables,6,1246.41,0.0,428.55
2741,2023-12-16,South,Corporate,Technology,Phones,4,1753.66,0.0,393.88
2543,2023-12-16,North,Corporate,Office Supplies,Storage,6,279.34,0.0,25.52
856,2023-12-16,North,Corporate,Office Supplies,Paper,1,44.5,0.1,6.15
424,2023-12-16,West,Corporate,Office Supplies,Binders,4,115.1,0.0,33.92
940,2023-12-16,South,Consumer,Office Supplies,Storage,8,429.73,0.15,80.65
942,2023-12-16,South,Corporate,Furniture,Chairs,4,771.1,0.2,109.09
2141,2023-12-16,South,Home Office,Furniture,Chairs,5,903.27,0.0,285.37
2575,2023-12-17,East,Consumer,Office Supplies,Binders,1,43.15,0.0,13.5
2144,2023-12-17,North,Home Office,Technology,Accessories,6,3659.04,0.15,-23.91
2016,2023-12-18,South,Corporate,Office Supplies,Paper,9,466.16,0.2,43.48
1867,2023-12-18,East,Corporate,Office Supplies,Storage,7,419.74,0.15,-13.13
2544,2023-12-18,South,Home Office,Technology,Accessories,4,1499.17,0.2,-85.39
1876,2023-12-19,West,Corporate,Office Supplies,Paper,1,59.78,0.0,9.15
2236,2023-12-19,East,Consumer,Furniture,Tables,5,1787.52,0.3,-172.17
2994,2023-12-19,East,Consumer,Office Supplies,Binders,7,371.42,0.3,-20.1
2637,2023-12-19,North,Corporate,Technology,Phones,3,1045.33,0.1,294.18
1605,2023-12-19,South,Corporate,Office Supplies,Paper,1,58.96,0.2,-3.93
2240,2023-12-19,South,Corporate,Technology,Phones,2,935.86,0.0,264.17
2871,2023-12-20,East,Consumer,Office Supplies,Paper,3,134.77,0.3,-16.62
2264,2023-12-20,South,Corporate,Furniture,Tables,8,3089.47,0.15,323.17
399,2023-12-20,West,Corporate,Office Supplies,Storage,4,216.73,0.1,36.34
1614,2023-12-22,West,Home Office,Office Supplies,Storage,8,424.29,0.1,63.7
2787,2023-12-22,East,Corporate,Office Supplies,Storage,1,40.22,0.0,6.16
1312,2023-12-22,North,Home Office,Office Supplies,Paper,9,283.37,0.0,94.57
1118,2023-12-22,East,Home Office,Technology,Phones,5,2263.91,0.1,625.56
1856,2023-12-22,South,Corporate,Office Supplies,Storage,8,245.79,0.0,21.92
1632,2023-12-22,North,Corporate,Technology,Machines,2,1002.85,0.2,213.95
1557,2023-12-23,South,Home Office,Technology,Phones,9,3489.56,0.0,773.13
480,2023-12-23,North,Consumer,Technology,Phones,3,1411.79,0.0,413.65
690,2023-12-24,South,Corporate,Furniture,Bookcases,5,1316.77,0.3,-149.55
2017,2023-12-24,North,Home Office,Furniture,Tables,3,743.92,0.1,137.8
1488,2023-12-25,East,Corporate,Office Supplies,Paper,4,138.8,0.2,31.74
182,2023-12-25,North,Consumer,Technology,Machines,2,586.92,0.1,73.5
1821,2023-12-25,South,Corporate,Office Supplies,Paper,2,81.75,0.2,11.36
2421,2023-12-25,North,Home Office,Furniture,Chairs,5,764.4,0.1,15.17
1296,2023-12-25,East,Home Office,Office Supplies,Paper,5,145.76,0.2,15.48
2608,2023-12-26,West,Corporate,Office Supplies,Paper,1,58.83,0.0,8.33
1187,2023-12-26,North,Consumer,Office Supplies,Paper,2,107.76,0.3,16.97
1645,2023-12-26,North,Corporate,Office Supplies,Storage,1,36.75,0.0,6.2
2555,2023-12-26,South,Corporate,Furniture,Chairs,3,625.78,0.0,115.73
822,2023-12-26,East,Home Office,Technology,Phones,9,4472.2,0.0,1057.4
1179,2023-12-27,South,Home Office,Furniture,Tables,6,2216.06,0.15,509.6
1949,2023-12-27,North,Home Office,Office Supplies,Paper,4,138.28,0.2,16.83
2042,2023-12-27,East,Consumer,Office Supplies,Storage,7,431.6,0.2,44.43
2315,2023-12-27,East,Consumer,Technology,Machines,4,2049.12,0.1,477.81
648,2023-12-27,East,Home Office,Furniture,Chairs,9,1676.76,0.1,467.63
2161,2023-12-28,West,Home Office,Furniture,Chairs,3,1165.33,0.1,264.13
2653,2023-12-28,South,Corporate,Technology,Machines,1,281.93,0.1,45.61
1609,2023-12-29,West,Consumer,Office Supplies,Binders,2,67.88,0.1,7.47
1627,2023-12-29,North,Consumer,Office Supplies,Storage,8,258.46,0.3,-20.04
886,2023-12-29,East,Consumer,Technology,Machines,2,564.41,0.15,89.3
1108,2023-12-29,East,Corporate,Furniture,Chairs,6,1002.75,0.1,126.85
1339,2023-12-29,West,Home Office,Technology,Accessories,3,1858.77,0.3,-28.44
2108,2023-12-30,South,Consumer,Technology,Accessories,8,3685.47,0.1,966.67
1883,2023-12-30,South,Corporate,Furniture,Bookcases,5,1972.32,0.1,307.05
1454,2023-12-30,East,Consumer,Technology,Machines,4,1436.6,0.1,157.15
1279,2023-12-30,South,Home Office,Furniture,Tables,2,482.1,0.0,136.36
2798,2023-12-30,South,Home Office,Office Supplies,Storage,3,191.13,0.15,-6.69
2297,2023-12-30,East,Home Office,Technology,Phones,2,903.22,0.0,167.28
878,2023-12-31,West,Consumer,Furniture,Tables,4,827.63,0.1,191.87
2069,2023-12-31,East,Corporate,Office Supplies,Storage,1,45.79,0.3,4.93
1649,2023-12-31,West,Home Office,Technology,Machines,9,3475.36,0.0,1030.31
1368,2023-12-31,North,Home Office,Technology,Accessories,3,1639.35,0.0,488.39
619,2023-12-31,North,Home Office,Technology,Machines,1,305.45,0.1,43.12
324,2023-12-31,East,Consumer,Office Supplies,Storage,7,259.19,0.0,59.87
1774,2024-01-01,West,Corporate,Office Supplies,Storage,9,422.77,0.15,19.72
1529,2024-01-01,North,Corporate,Office Supplies,Storage,9,396.27,0.1,50.26
2974,2024-01-01,West,Consumer,Office Supplies,Binders,1,41.88,0.3,0.73
2530,2024-01-01,South,Corporate,Office Supplies,Paper,2,82.06,0.0,8.48
1968,2024-01-02,West,Home Office,Office Supplies,Paper,7,210.59,0.0,72.99
2647,2024-01-02,East,Corporate,Furniture,Tables,9,3360.05,0.0,293.5
60,2024-01-02,South,Consumer,Technology,Phones,1,578.37,0.1,9.59
573,2024-01-02,South,Home Office,Office Supplies,Binders,6,304.16,0.0,85.06
2550,2024-01-03,West,Home Office,Office Supplies,Binders,3,98.48,0.1,-0.22
548,2024-01-04,East,Home Office,Office Supplies,Storage,9,509.78,0.1,116.7
919,2024-01-04,North,Corporate,Furniture,Tables,7,1717.48,0.0,174.43
656,2024-01-04,East,Home Office,Furniture,Bookcases,6,1116.65,0.1,100.76
2567,2024-01-05,East,Consumer,Furniture,Bookcases,5,1707.35,0.0,234.27
1825,2024-01-05,East,Home Office,Technology,Accessories,8,2471.45,0.2,75.54
428,2024-01-05,North,Home Office,Technology,Phones,7,3693.89,0.3,104.45
1899,2024-01-06,East,Home Office,Technology,Machines,8,3828.35,0.0,514.77
1140,2024-01-06,North,Consumer,Office Supplies,Storage,9,288.0,0.0,72.79
2855,2024-01-06,North,Consumer,Office Supplies,Storage,3,109.24,0.0,11.68
1343,2024-01-06,East,Home Office,Furniture,Bookcases,2,631.36,0.15,22.51
1207,2024-01-06,South,Corporate,Furniture,Chairs,2,461.22,0.3,49.77
1439,2024-01-07,South,Consumer,Technology,Accessories,1,242.26,0.3,-18.2
683,2024-01-08,East,Consumer,Technology,Phones,2,1125.81,0.1,64.26
15,2024-01-08,East,Consumer,Furniture,Tables,6,2238.45,0.0,164.95
347,2024-01-08,North,Home Office,Office Supplies,Paper,7,303.46,0.1,29.54
2123,2024-01-08,West,Home Office,Furniture,Chairs,1,340.88,0.3,-19.99
693,2024-01-08,South,Home Office,Furniture,Chairs,1,213.67,0.3,-15.73
820,2024-01-09,South,Consumer,Furniture,Bookcases,6,1933.72,0.1,96.78
724,2024-01-09,North,Home Office,Office Supplies,Binders,9,355.39,0.0,106.89
2220,2024-01-09,East,Corporate,Technology,Machines,6,1692.52,0.0,580.87
193,2024-01-09,East,Home Office,Office Supplies,Binders,3,125.08,0.15,9.6
1410,2024-01-09,North,Consumer,Technology,Accessories,8,2938.61,0.0,766.95
2572,2024-01-09,South,Corporate,Technology,Accessories,1,260.61,0.3,21.06
1917,2024-01-10,East,Consumer,Office Supplies,Paper,4,109.33,0.0,12.66
319,2024-01-10,South,Consumer,Office Supplies,Binders,2,51.05,0.1,10.18
2011,2024-01-10,South,Corporate,Office Supplies,Storage,8,309.48,0.2,-11.2
532,2024-01-11,South,Home Office,Office Supplies,Binders,6,252.57,0.15,53.55
2914,2024-01-11,North,Consumer,Office Supplies,Binders,4,112.71,0.0,23.75
1010,2024-01-11,West,Consumer,Furniture,Tables,7,1674.57,0.0,295.17
2159,2024-01-11,North,Consumer,Office Supplies,Paper,5,282.95,0.1,73.85
1496,2024-01-11,South,Corporate,Technology,Accessories,4,1942.45,0.2,302.95
2687,2024-01-12,North,Home Office,Office Supplies,Paper,1,45.02,0.1,4.9
177,2024-01-12,South,Home Office,Technology,Phones,9,4251.65,0.1,656.5
930,2024-01-12,East,Corporate,Furniture,Bookcases,8,3118.47,0.15,612.62
1486,2024-01-12,West,Consumer,Office Supplies,Storage,4,103.97,0.0,8.9
1318,2024-01-13,South,Consumer,Office Supplies,Storage,9,516.85,0.15,96.07
1750,2024-01-13,East,Consumer,Office Supplies,Storage,6,355.73,0.1,3.55
2564,2024-01-13,South,Corporate,Furniture,Chairs,7,1931.69,0.2,84.94
2171,2024-01-13,South,Consumer,Office Supplies,Binders,3,141.21,0.15,-2.42
1124,2024-01-13,South,Consumer,Office Supplies,Paper,3,124.64,0.0,37.89
2934,2024-01-14,North,Consumer,Technology,Machines,4,1554.24,0.1,286.03
1026,2024-01-14,West,Home Office,Office Supplies,Paper,7,265.5,0.15,18.36
113,2024-01-14,South,Home Office,Office Supplies,Binders,5,198.36,0.1,29.68
94,2024-01-15,West,Corporate,Office Supplies,Binders,6,326.61,0.1,14.4
500,2024-01-15,North,Consumer,Office Supplies,Binders,2,68.65,0.1,2.06
1221,2024-01-15,West,Corporate,Technology,Phones,8,3587.17,0.1,586.5
2422,2024-01-15,East,Corporate,Office Supplies,Paper,6,193.13,0.15,8.25
1510,2024-01-15,West,Corporate,Office Supplies,Paper,4,181.36,0.2,40.72
2920,2024-01-16,East,Home Office,Furniture,Tables,8,1772.24,0.1,221.39
2058,2024-01-16,North,Home Office,Office Supplies,Paper,5,237.87,0.0,30.4
2366,2024-01-16,West,Home Office,Office Supplies,Paper,5,124.81,0.0,17.87
1259,2024-01-16,West,Corporate,Office Supplies,Binders,9,454.07,0.3,-4.03
2696,2024-01-16,West,Home Office,Furniture,Tables,5,1049.8,0.2,122.35
2255,2024-01-16,North,Corporate,Technology,Accessories,7,3930.11,0.1,37.11
1922,2024-01-16,East,Home Office,Technology,Machines,6,2361.3,0.1,591.87
1686,2024-01-16,West,Corporate,Office Supplies,Binders,1,39.52,0.1,3.11
1714,2024-01-17,South,Corporate,Office Supplies,Storage,9,259.34,0.0,64.4
2400,2024-01-17,South,Consumer,Office Supplies,Binders,2,73.19,0.1,7.14
2559,2024-01-17,East,Corporate,Technology,Phones,5,1999.82,0.1,148.48
2997,2024-01-17,East,Consumer,Office Supplies,Binders,4,139.52,0.15,17.04
1884,2024-01-17,West,Home Office,Technology,Accessories,5,2936.93,0.1,423.69
1834,2024-01-18,South,Corporate,Office Supplies,Binders,6,253.22,0.0,60.4
2910,2024-01-18,North,Home Office,Furniture,Chairs,2,538.05,0.1,88.8
2856,2024-01-19,South,Corporate,Technology,Accessories,3,1217.22,0.1,138.04
570,2024-01-19,West,Consumer,Office Supplies,Storage,9,554.72,0.0,122.17
2007,2024-01-19,West,Consumer,Technology,Machines,2,648.04,0.15,107.42
739,2024-01-20,South,Home Office,Office Supplies,Paper,6,206.8,0.0,12.09
218,2024-01-20,West,Home Office,Office Supplies,Binders,3,93.94,0.2,1.48
2157,2024-01-20,North,Consumer,Technology,Accessories,1,324.5,0.0,62.1
2519,2024-01-20,South,Consumer,Office Supplies,Binders,3,103.58,0.15,25.22
176,2024-01-20,North,Home Office,Technology,Accessories,2,1009.35,0.1,-8.48
1267,2024-01-21,North,Corporate,Office Supplies,Storage,9,420.89,0.0,139.05
377,2024-01-21,North,Home Office,Office Supplies,Paper,6,227.95,0.2,-0.02
2959,2024-01-21,South,Home Office,Furniture,Bookcases,1,222.99,0.3,32.23
205,2024-01-21,East,Corporate,Technology,Phones,3,1382.25,0.15,117.31
1155,2024-01-21,East,Consumer,Technology,Phones,3,1213.5,0.3,-32.69
877,2024-01-21,West,Corporate,Office Supplies,Binders,7,403.71,0.2,21.46
2444,2024-01-21,West,Corporate,Office Supplies,Binders,1,42.23,0.0,11.14
24,2024-01-21,East,Corporate,Furniture,Chairs,1,151.92,0.0,9.27
1763,2024-01-21,East,Home Office,Furniture,Tables,5,1169.37,0.0,236.15
1722,2024-01-22,West,Home Office,Office Supplies,Binders,8,192.2,0.1,26.13
1746,2024-01-22,North,Home Office,Office Supplies,Storage,5,259.8,0.1,38.8
2960,2024-01-22,East,Home Office,Office Supplies,Storage,3,121.71,0.0,14.68
650,2024-01-22,North,Corporate,Technology,Machines,5,1304.67,0.15,278.75
206,2024-01-22,South,Corporate,Furniture,Bookcases,6,2313.58,0.0,420.0
51,2024-01-23,North,Home Office,Furniture,Tables,5,1742.76,0.0,545.71
68,2024-01-23,North,Corporate,Furniture,Bookcases,7,1327.59,0.2,235.16
1490,2024-01-24,North,Corporate,Technology,Accessories,5,2357.39,0.0,680.56
777,2024-01-24,South,Home Office,Technology,Phones,5,1589.1,0.15,9.92
714,2024-01-25,East,Consumer,Furniture,Chairs,5,1228.41,0.15,63.5
70,2024-01-25,East,Home Office,Office Supplies,Paper,8,460.59,0.0,57.13
2387,2024-01-25,East,Home Office,Furniture,Chairs,8,1591.91,0.3,-156.59
1839,2024-01-25,West,Consumer,Technology,Machines,2,1268.35,0.0,182.12
1428,2024-01-26,East,Consumer,Furniture,Tables,5,1139.26,0.0,352.48
2536,2024-01-26,East,Home Office,Technology,Machines,2,1265.33,0.1,343.6
2906,2024-01-26,East,Consumer,Furniture,Tables,1,196.87,0.2,37.48
1226,2024-01-26,South,Corporate,Furniture,Bookcases,1,363.77,0.15,32.86
1055,2024-01-26,South,Home Office,Office Supplies,Storage,6,251.61,0.0,21.66
965,2024-01-27,South,Corporate,Technology,Accessories,9,5264.41,0.0,1347.83
310,2024-01-27,South,Consumer,Office Supplies,Paper,3,169.19,0.1,35.37
2373,2024-01-27,East,Home Office,Office Supplies,Paper,4,238.72,0.2,54.76
1784,2024-01-27,East,Corporate,Technology,Phones,2,712.33,0.0,202.94
109,2024-01-27,North,Home Office,Office Supplies,Storage,8,320.3,0.15,66.29
2674,2024-01-28,North,Corporate,Office Supplies,Paper,8,261.97,0.15,12.0
441,2024-01-28,North,Consumer,Technology,Phones,8,3575.07,0.2,484.61
2491,2024-01-28,East,Home Office,Furniture,Bookcases,9,1370.64,0.15,175.49
137,2024-01-28,West,Home Office,Office Supplies,Paper,7,189.55,0.0,63.58
379,2024-01-28,East,Consumer,Technology,Phones,2,775.31,0.0,118.8
609,2024-01-28,South,Home Office,Furniture,Bookcases,7,2614.45,0.3,-265.48
537,2024-01-29,North,Corporate,Technology,Phones,7,1899.24,0.1,37.04
908,2024-01-29,East,Corporate,Office Supplies,Binders,5,260.55,0.15,38.75
1625,2024-01-29,West,Home Office,Furniture,Tables,1,319.94,0.0,61.64
1942,2024-01-30,West,Consumer,Office Supplies,Storage,6,227.96,0.3,3.36
1766,2024-01-30,East,Consumer,Office Supplies,Storage,3,173.13,0.0,23.44
2468,2024-01-30,North,Home Office,Technology,Machines,4,1369.99,0.2,219.4
1573,2024-01-30,West,Home Office,Office Supplies,Binders,1,60.86,0.1,2.55
577,2024-01-31,South,Consumer,Office Supplies,Paper,7,437.67,0.3,43.49
1271,2024-01-31,West,Consumer,Furniture,Bookcases,9,3497.28,0.0,942.5
1109,2024-01-31,West,Corporate,Technology,Phones,8,2638.91,0.15,454.84
563,2024-01-31,North,Home Office,Office Supplies,Binders,2,56.04,0.1,-0.15
512,2024-02-01,South,Corporate,Technology,Accessories,5,1332.11,0.3,-29.28
2485,2024-02-01,South,Home Office,Technology,Accessories,8,4710.6,0.1,985.04
1701,2024-02-01,North,Corporate,Technology,Accessories,9,3124.83,0.0,1022.79
558,2024-02-01,West,Corporate,Furniture,Tables,6,2328.4,0.1,417.86
1460,2024-02-01,North,Consumer,Office Supplies,Paper,8,466.13,0.1,67.78
2067,2024-02-01,North,Home Office,Technology,Phones,4,1715.62,0.0,587.36
2604,2024-02-01,South,Home Office,Technology,Phones,3,783.57,0.0,44.06
590,2024-02-02,West,Home Office,Furniture,Bookcases,9,2073.45,0.0,182.81
307,2024-02-02,South,Corporate,Technology,Machines,3,1294.19,0.1,197.25
136,2024-02-02,North,Home Office,Office Supplies,Storage,2,86.64,0.0,11.8
2350,2024-02-03,West,Consumer,Office Supplies,Paper,1,42.52,0.0,2.36
2758,2024-02-03,North,Corporate,Technology,Phones,6,1725.83,0.0,520.07
2834,2024-02-03,East,Home Office,Office Supplies,Storage,4,204.98,0.0,43.16
2534,2024-02-03,West,Home Office,Office Supplies,Paper,8,424.12,0.3,-2.65
2116,2024-02-03,South,Corporate,Technology,Machines,5,3074.93,0.0,741.31
1505,2024-02-03,West,Home Office,Office Supplies,Binders,1,43.42,0.0,3.24
2284,2024-02-04,East,Consumer,Office Supplies,Storage,9,240.27,0.1,41.53
394,2024-02-04,East,Home Office,Technology,Accessories,9,4093.35,0.2,130.16
2815,2024-02-04,South,Consumer,Technology,Phones,6,2852.66,0.0,733.01
2415,2024-02-04,North,Corporate,Technology,Machines,3,853.12,0.15,145.62
2766,2024-02-04,West,Consumer,Office Supplies,Paper,9,441.62,0.2,12.69
1672,2024-02-05,West,Consumer,Furniture,Chairs,9,2878.67,0.1,347.99
2753,2024-02-05,North,Corporate,Furniture,Chairs,6,1868.36,0.0,374.05
1789,2024-02-05,South,Corporate,Office Supplies,Binders,6,219.67,0.0,56.25
778,2024-02-05,East,Home Office,Technology,Machines,2,895.33,0.0,158.26
806,2024-02-05,South,Corporate,Technology,Accessories,4,2086.3,0.3,-15.28
233,2024-02-05,South,Corporate,Office Supplies,Paper,6,371.32,0.2,56.34
1332,2024-02-05,West,Consumer,Furniture,Bookcases,7,1819.95,0.1,401.9
313,2024-02-05,South,Corporate,Technology,Phones,4,1593.5,0.15,153.38
1425,2024-02-05,North,Corporate,Technology,Machines,5,1463.86,0.1,32.18
1440,2024-02-06,North,Corporate,Office Supplies,Storage,2,58.61,0.0,6.05
1034,2024-02-06,North,Corporate,Office Supplies,Binders,5,245.01,0.2,41.83
2582,2024-02-06,North,Home Office,Office Supplies,Binders,1,63.12,0.2,-3.29
675,2024-02-06,East,Corporate,Technology,Accessories,4,1354.16,0.0,121.21
75,2024-02-06,East,Consumer,Technology,Accessories,4,2210.92,0.1,9.85
219,2024-02-07,South,Corporate,Technology,Machines,9,4988.32,0.0,1654.47
248,2024-02-07,North,Home Office,Technology,Phones,5,1680.14,0.0,142.33
833,2024-02-07,South,Consumer,Office Supplies,Storage,2,55.01,0.1,14.54
1881,2024-02-08,South,Home Office,Office Supplies,Storage,9,287.48,0.1,43.46
282,2024-02-08,West,Home Office,Furniture,Chairs,7,1255.24,0.0,195.24
2703,2024-02-09,North,Consumer,Furniture,Tables,9,2547.67,0.0,303.31
2351,2024-02-09,East,Corporate,Office Supplies,Storage,4,129.75,0.0,37.97
740,2024-02-09,North,Corporate,Furniture,Chairs,5,1897.86,0.1,89.93
839,2024-02-09,East,Consumer,Office Supplies,Paper,5,186.84,0.0,28.46
2667,2024-02-09,West,Corporate,Furniture,Bookcases,2,582.38,0.0,161.15
1133,2024-02-09,South,Corporate,Technology,Accessories,3,1655.49,0.1,472.78
2447,2024-02-09,North,Consumer,Furniture,Bookcases,3,516.7,0.0,167.11
2327,2024-02-10,East,Corporate,Technology,Phones,6,2162.51,0.1,240.86
2730,2024-02-10,East,Corporate,Furniture,Chairs,4,1108.82,0.3,141.79
2303,2024-02-10,South,Home Office,Technology,Machines,9,4469.35,0.0,1289.18
1358,2024-02-10,East,Consumer,Office Supplies,Storage,3,170.53,0.1,15.59
123,2024-02-11,North,Consumer,Office Supplies,Binders,1,53.08,0.1,14.55
148,2024-02-11,North,Home Office,Technology,Accessories,4,2452.34,0.1,122.82
2629,2024-02-11,North,Home Office,Furniture,Tables,3,519.74,0.1,37.73
2111,2024-02-11,South,Corporate,Furniture,Chairs,1,377.1,0.1,70.46
1131,2024-02-11,North,Consumer,Office Supplies,Storage,9,328.24,0.1,-2.36
2320,2024-02-11,North,Home Office,Technology,Machines,8,3783.67,0.1,182.15
2522,2024-02-12,South,Consumer,Furniture,Tables,5,1261.01,0.0,119.25
386,2024-02-12,North,Consumer,Furniture,Tables,1,326.39,0.0,40.03
691,2024-02-12,East,Consumer,Office Supplies,Storage,4,139.91,0.1,31.27
2806,2024-02-12,North,Home Office,Furniture,Tables,1,381.6,0.0,101.04
657,2024-02-13,South,Home Office,Office Supplies,Binders,2,50.07,0.0,10.82
1842,2024-02-14,West,Corporate,Technology,Phones,4,2035.64,0.3,292.19
972,2024-02-14,West,Home Office,Furniture,Tables,4,1145.9,0.0,115.86
1028,2024-02-14,West,Corporate,Furniture,Chairs,2,508.53,0.15,54.39
1071,2024-02-15,West,Corporate,Furniture,Chairs,6,1591.45,0.15,194.88
1093,2024-02-15,South,Home Office,Office Supplies,Binders,6,293.7,0.0,31.1
185,2024-02-15,North,Corporate,Technology,Machines,8,2202.83,0.15,155.31
1658,2024-02-16,West,Home Office,Furniture,Chairs,7,2325.46,0.1,212.99
531,2024-02-17,East,Home Office,Office Supplies,Binders,6,224.56,0.1,32.43
2644,2024-02-17,North,Consumer,Technology,Accessories,8,2364.57,0.0,468.26
2027,2024-02-18,West,Home Office,Office Supplies,Binders,2,82.25,0.1,16.76
23,2024-02-18,East,Consumer,Technology,Phones,3,955.32,0.1,70.89
2588,2024-02-18,West,Consumer,Technology,Phones,3,1919.1,0.15,137.64
2808,2024-02-18,South,Corporate,Office Supplies,Paper,8,479.99,0.0,61.28
1471,2024-02-18,South,Corporate,Technology,Phones,4,1088.05,0.0,306.94
1653,2024-02-18,North,Corporate,Office Supplies,Binders,2,108.92,0.15,3.45
261,2024-02-19,West,Consumer,Technology,Machines,7,4012.2,0.1,976.57
630,2024-02-19,East,Consumer,Office Supplies,Storage,5,313.57,0.2,34.54
681,2024-02-19,East,Corporate,Furniture,Bookcases,3,979.02,0.0,186.58
1823,2024-02-20,North,Corporate,Office Supplies,Binders,3,186.25,0.15,29.4
2510,2024-02-20,East,Consumer,Office Supplies,Storage,4,181.82,0.1,25.54
1475,2024-02-20,West,Home Office,Technology,Machines,2,932.14,0.1,77.16
227,2024-02-20,East,Home Office,Office Supplies,Storage,4,140.56,0.2,29.31
507,2024-02-21,East,Home Office,Technology,Accessories,3,1603.1,0.0,387.52
2083,2024-02-21,South,Corporate,Office Supplies,Paper,3,91.02,0.0,10.83
1158,2024-02-22,East,Consumer,Technology,Phones,8,3590.0,0.1,216.45
1240,2024-02-22,North,Corporate,Furniture,Tables,1,231.69,0.1,64.31
523,2024-02-22,East,Corporate,Office Supplies,Paper,6,330.45,0.0,81.99
2685,2024-02-22,South,Corporate,Technology,Accessories,7,2319.87,0.1,592.03
1897,2024-02-22,East,Consumer,Office Supplies,Paper,2,66.62,0.3,6.15
2326,2024-02-23,West,Home Office,Office Supplies,Paper,1,60.14,0.3,5.3
111,2024-02-23,North,Corporate,Furniture,Chairs,3,830.19,0.1,193.65
1546,2024-02-23,South,Home Office,Office Supplies,Paper,7,253.7,0.15,43.54
2205,2024-02-23,West,Corporate,Office Supplies,Storage,3,109.79,0.0,6.81
1003,2024-02-23,North,Home Office,Furniture,Tables,1,383.31,0.3,55.29
2133,2024-02-24,West,Corporate,Office Supplies,Paper,9,333.66,0.0,23.53
1891,2024-02-24,North,Consumer,Technology,Accessories,5,1757.26,0.0,157.37
1136,2024-02-24,East,Home Office,Furniture,Tables,2,387.81,0.1,88.48
533,2024-02-24,West,Corporate,Office Supplies,Binders,9,347.72,0.0,40.16
1066,2024-02-24,North,Consumer,Furniture,Chairs,8,1328.17,0.0,371.46
290,2024-02-24,North,Home Office,Office Supplies,Paper,9,574.89,0.0,131.21
2424,2024-02-24,North,Corporate,Furniture,Chairs,2,304.78,0.15,40.06
2635,2024-02-25,West,Corporate,Furniture,Bookcases,6,1442.18,0.1,-13.98
787,2024-02-26,East,Home Office,Office Supplies,Storage,8,416.96,0.0,43.79
2426,2024-02-26,South,Consumer,Furniture,Chairs,1,153.15,0.0,15.5
2481,2024-02-26,East,Home Office,Technology,Phones,8,3363.76,0.2,-145.36
291,2024-02-26,South,Corporate,Office Supplies,Binders,9,440.18,0.2,80.38
615,2024-02-26,South,Consumer,Technology,Accessories,6,1907.86,0.2,188.49
1041,2024-02-26,South,Corporate,Office Supplies,Paper,1,55.84,0.1,12.73
1617,2024-02-26,South,Corporate,Office Supplies,Binders,6,158.99,0.0,15.98
2875,2024-02-27,South,Consumer,Office Supplies,Storage,9,483.0,0.0,56.45
2453,2024-02-27,North,Consumer,Technology,Machines,2,1039.31,0.0,156.13
1203,2024-02-28,South,Consumer,Office Supplies,Binders,8,197.91,0.1,39.99
1936,2024-02-28,North,Home Office,Office Supplies,Paper,7,367.3,0.15,40.2
1783,2024-02-29,West,Home Office,Office Supplies,Binders,8,414.27,0.15,53.36
2858,2024-02-29,West,Consumer,Technology,Accessories,4,1031.16,0.15,241.1
2492,2024-02-29,South,Home Office,Technology,Machines,7,2069.09,0.1,218.21
922,2024-02-29,East,Corporate,Office Supplies,Storage,5,277.01,0.2,26.69
2242,2024-02-29,East,Home Office,Technology,Machines,2,778.35,0.1,38.23
2841,2024-03-01,North,Home Office,Furniture,Bookcases,2,420.37,0.0,72.66
1465,2024-03-01,South,Home Office,Office Supplies,Paper,5,289.43,0.0,31.51
2778,2024-03-01,South,Consumer,Furniture,Chairs,1,152.13,0.0,34.41
1624,2024-03-01,West,Corporate,Office Supplies,Storage,7,357.1,0.1,-3.19
2109,2024-03-02,East,Corporate,Technology,Machines,2,986.39,0.2,220.72
2026,2024-03-02,West,Corporate,Furniture,Tables,8,1966.7,0.1,334.51
2002,2024-03-02,East,Corporate,Technology,Accessories,7,3277.55,0.2,-36.83
2936,2024-03-02,North,Home Office,Office Supplies,Storage,7,353.1,0.15,11.92
503,2024-03-02,West,Corporate,Office Supplies,Storage,6,163.55,0.1,12.72
1815,2024-03-03,East,Consumer,Furniture,Bookcases,8,2810.19,0.1,718.35
2247,2024-03-03,East,Consumer,Technology,Accessories,1,488.82,0.0,126.3
62,2024-03-03,East,Consumer,Office Supplies,Paper,3,134.71,0.0,9.84
2004,2024-03-03,East,Corporate,Technology,Phones,9,5257.03,0.3,111.16
1494,2024-03-04,East,Consumer,Technology,Accessories,7,2066.48,0.15,286.91
2340,2024-03-04,West,Consumer,Furniture,Chairs,2,495.52,0.1,143.23
1199,2024-03-04,North,Consumer,Furniture,Chairs,5,1703.32,0.0,204.84
1736,2024-03-05,East,Home Office,Office Supplies,Binders,1,51.89,0.3,-6.53
1697,2024-03-05,North,Consumer,Furniture,Bookcases,4,1330.54,0.0,285.93
1142,2024-03-06,West,Home Office,Furniture,Tables,5,1620.99,0.1,207.67
1502,2024-03-07,East,Consumer,Technology,Phones,8,4710.87,0.2,989.97
2739,2024-03-07,East,Corporate,Office Supplies,Binders,9,328.53,0.3,52.79
2203,2024-03-07,West,Corporate,Furniture,Bookcases,7,2390.19,0.0,564.42
474,2024-03-07,South,Home Office,Technology,Machines,6,2243.71,0.1,589.82
462,2024-03-10,West,Corporate,Technology,Phones,9,5748.51,0.1,134.2
792,2024-03-10,West,Home Office,Technology,Phones,1,578.22,0.1,1.18
1192,2024-03-10,South,Consumer,Technology,Machines,4,1586.2,0.2,3.28
2892,2024-03-10,West,Consumer,Furniture,Bookcases,5,1898.46,0.0,588.59
967,2024-03-10,North,Home Office,Technology,Accessories,8,3280.01,0.0,424.8
2521,2024-03-10,East,Consumer,Furniture,Tables,3,585.18,0.1,82.81
1390,2024-03-10,South,Home Office,Technology,Accessories,9,3719.07,0.15,55.04
2592,2024-03-10,East,Consumer,Office Supplies,Storage,1,54.91,0.3,-6.2
785,2024-03-10,North,Consumer,Office Supplies,Binders,4,182.94,0.0,19.13
2367,2024-03-11,North,Consumer,Technology,Accessories,8,2783.48,0.15,687.89
2480,2024-03-11,North,Consumer,Furniture,Chairs,7,2440.39,0.15,599.8
2533,2024-03-11,East,Corporate,Technology,Phones,2,1055.59,0.2,-26.26
2932,2024-03-11,North,Consumer,Office Supplies,Storage,6,303.89,0.1,53.71
2,2024-03-11,East,Corporate,Technology,Phones,6,3427.8,0.0,350.08
2624,2024-03-11,North,Corporate,Office Supplies,Binders,7,190.46,0.2,-8.72
1146,2024-03-11,North,Corporate,Technology,Machines,4,2277.36,0.15,448.62
1628,2024-03-12,West,Corporate,Technology,Accessories,5,3055.28,0.1,884.97
2686,2024-03-12,East,Home Office,Furniture,Bookcases,6,1820.4,0.0,255.23
745,2024-03-12,South,Corporate,Office Supplies,Storage,9,475.19,0.15,12.22
932,2024-03-12,West,Corporate,Technology,Phones,7,4011.0,0.2,229.35
771,2024-03-13,West,Consumer,Office Supplies,Binders,9,360.96,0.0,106.13
326,2024-03-13,North,Home Office,Technology,Accessories,9,5305.95,0.0,626.14
229,2024-03-14,West,Consumer,Technology,Machines,8,2559.49,0.0,564.47
2191,2024-03-14,North,Consumer,Furniture,Bookcases,9,3274.53,0.3,409.76
1512,2024-03-15,East,Corporate,Office Supplies,Paper,6,184.23,0.2,40.2
1484,2024-03-15,North,Consumer,Office Supplies,Paper,3,80.36,0.1,5.28
1715,2024-03-15,North,Corporate,Office Supplies,Binders,5,254.8,0.0,47.45
2827,2024-03-16,East,Home Office,Office Supplies,Binders,9,274.26,0.1,72.35
674,2024-03-16,North,Consumer,Office Supplies,Binders,8,215.31,0.3,-2.51
2213,2024-03-16,West,Consumer,Furniture,Tables,5,759.43,0.0,102.06
962,2024-03-16,West,Corporate,Technology,Machines,8,3364.95,0.1,660.34
1069,2024-03-16,East,Corporate,Office Supplies,Paper,3,93.88,0.3,9.06
201,2024-03-17,West,Consumer,Office Supplies,Storage,8,265.85,0.3,14.59
2541,2024-03-17,South,Consumer,Office Supplies,Storage,8,341.28,0.2,15.49
1303,2024-03-17,South,Consumer,Office Supplies,Storage,2,106.53,0.0,10.93
487,2024-03-17,West,Home Office,Technology,Accessories,2,1103.49,0.1,201.17
2269,2024-03-17,South,Home Office,Technology,Phones,1,257.12,0.15,27.22
1441,2024-03-18,West,Consumer,Office Supplies,Storage,4,188.47,0.1,7.18
928,2024-03-18,West,Home Office,Office Supplies,Paper,8,376.16,0.1,54.35
1230,2024-03-18,North,Corporate,Technology,Accessories,8,2412.72,0.15,471.83
415,2024-03-19,South,Consumer,Office Supplies,Paper,2,114.35,0.0,37.18
631,2024-03-20,North,Home Office,Office Supplies,Binders,7,373.21,0.1,107.32
2857,2024-03-20,South,Consumer,Office Supplies,Paper,4,103.4,0.0,8.44
1873,2024-03-20,North,Home Office,Technology,Machines,5,1805.01,0.0,297.63
2152,2024-03-20,East,Corporate,Office Supplies,Paper,6,197.13,0.0,27.74
564,2024-03-20,West,Home Office,Office Supplies,Storage,7,392.15,0.2,47.29
941,2024-03-21,North,Consumer,Office Supplies,Paper,5,207.36,0.1,16.27
2278,2024-03-21,South,Corporate,Office Supplies,Binders,4,117.99,0.0,36.75
760,2024-03-21,South,Home Office,Furniture,Tables,5,808.83,0.15,177.0
793,2024-03-22,East,Corporate,Technology,Phones,1,573.77,0.2,80.01
2924,2024-03-22,East,Corporate,Furniture,Bookcases,6,1728.12,0.0,596.58
456,2024-03-22,West,Consumer,Office Supplies,Binders,9,264.0,0.0,36.3
2386,2024-03-22,East,Consumer,Office Supplies,Binders,8,419.28,0.0,38.26
1648,2024-03-23,East,Corporate,Office Supplies,Binders,5,289.83,0.0,95.8
1058,2024-03-23,West,Consumer,Technology,Phones,5,2268.77,0.2,114.69
2317,2024-03-24,East,Corporate,Office Supplies,Binders,2,124.39,0.3,9.91
1935,2024-03-24,West,Corporate,Office Supplies,Binders,4,166.57,0.0,19.49
2660,2024-03-24,South,Consumer,Technology,Accessories,9,4781.6,0.3,-12.51
761,2024-03-24,East,Consumer,Furniture,Chairs,2,764.7,0.1,82.96
2511,2024-03-24,North,Home Office,Furniture,Bookcases,3,718.48,0.2,88.52
2093,2024-03-25,South,Corporate,Office Supplies,Storage,1,30.3,0.2,6.15
1467,2024-03-25,North,Consumer,Office Supplies,Storage,2,83.8,0.3,0.87
812,2024-03-25,North,Consumer,Office Supplies,Binders,2,127.81,0.2,22.13
718,2024-03-25,South,Corporate,Office Supplies,Storage,7,403.92,0.0,100.23
1372,2024-03-25,North,Home Office,Furniture,Bookcases,8,1237.74,0.0,352.27
639,2024-03-26,East,Corporate,Office Supplies,Storage,6,208.53,0.0,55.65
2156,2024-03-27,East,Consumer,Technology,Phones,1,401.2,0.15,66.28
1247,2024-03-27,West,Home Office,Furniture,Bookcases,6,1034.42,0.0,308.25
1721,2024-03-28,East,Home Office,Office Supplies,Paper,2,123.3,0.2,22.58
334,2024-03-28,West,Home Office,Office Supplies,Storage,4,97.17,0.0,20.99
470,2024-03-28,North,Corporate,Office Supplies,Paper,9,537.82,0.0,126.13
2271,2024-03-28,East,Home Office,Furniture,Tables,4,1281.7,0.0,377.53
273,2024-03-28,North,Home Office,Office Supplies,Storage,7,321.96,0.0,57.26
1581,2024-03-29,North,Consumer,Technology,Phones,8,2015.36,0.1,441.06
2957,2024-03-29,West,Corporate,Technology,Machines,4,1966.45,0.0,121.67
2094,2024-03-29,South,Consumer,Office Supplies,Paper,4,205.4,0.0,66.32
2064,2024-03-29,East,Consumer,Furniture,Tables,7,2611.75,0.1,385.62
2073,2024-03-30,West,Corporate,Technology,Accessories,7,1986.87,0.2,-117.94
1654,2024-03-30,West,Consumer,Furniture,Tables,8,1668.15,0.1,341.68
2206,2024-03-30,West,Corporate,Furniture,Chairs,2,737.79,0.1,154.03
1755,2024-03-30,South,Home Office,Technology,Accessories,2,893.06,0.15,-22.88
2439,2024-03-30,South,Corporate,Technology,Accessories,8,3282.09,0.0,968.9
61,2024-03-30,West,Corporate,Office Supplies,Paper,6,217.47,0.1,39.06
1330,2024-03-30,South,Consumer,Furniture,Chairs,4,1565.99,0.3,4.88
568,2024-03-30,North,Corporate,Technology,Phones,6,2688.56,0.0,199.49
2304,2024-03-31,East,Home Office,Furniture,Chairs,1,326.97,0.0,27.75
184,2024-03-31,East,Consumer,Furniture,Tables,4,1423.77,0.0,402.98
647,2024-03-31,North,Consumer,Office Supplies,Storage,1,48.15,0.0,8.34
82,2024-03-31,South,Corporate,Technology,Phones,3,1311.44,0.1,195.77
2405,2024-04-01,South,Corporate,Technology,Accessories,5,1544.79,0.1,342.73
538,2024-04-01,East,Consumer,Office Supplies,Storage,9,440.68,0.1,111.36
755,2024-04-01,North,Corporate,Technology,Accessories,9,5299.78,0.0,1623.2
750,2024-04-02,South,Corporate,Office Supplies,Paper,4,176.23,0.0,30.46
1219,2024-04-02,West,Corporate,Office Supplies,Paper,8,298.76,0.0,28.11
1711,2024-04-03,West,Corporate,Office Supplies,Storage,3,122.76,0.1,31.5
13,2024-04-03,South,Corporate,Technology,Accessories,5,2281.4,0.0,279.63
1693,2024-04-03,South,Consumer,Technology,Machines,3,1004.78,0.1,248.01
2223,2024-04-03,South,Consumer,Technology,Phones,2,933.28,0.0,323.87
2142,2024-04-03,West,Consumer,Office Supplies,Storage,5,167.81,0.0,38.2
1836,2024-04-03,West,Consumer,Furniture,Tables,6,1500.22,0.2,118.5
1011,2024-04-03,North,Corporate,Technology,Accessories,2,994.84,0.0,316.42
1117,2024-04-04,South,Corporate,Furniture,Chairs,2,366.08,0.0,92.13
28,2024-04-04,South,Consumer,Office Supplies,Storage,5,171.63,0.15,8.41
1937,2024-04-04,South,Home Office,Technology,Accessories,7,1988.94,0.0,262.76
2306,2024-04-04,East,Consumer,Furniture,Chairs,7,2775.96,0.1,499.04
317,2024-04-04,South,Corporate,Office Supplies,Paper,6,253.29,0.1,52.98
1687,2024-04-04,North,Corporate,Technology,Phones,5,3025.79,0.15,85.14
710,2024-04-05,South,Home Office,Office Supplies,Storage,6,199.44,0.2,36.99
141,2024-04-05,North,Corporate,Technology,Phones,4,2081.82,0.15,171.64
734,2024-04-05,East,Home Office,Technology,Machines,4,2516.74,0.0,734.09
2632,2024-04-05,North,Home Office,Technology,Machines,5,1885.08,0.3,-204.49
131,2024-04-06,South,Corporate,Office Supplies,Binders,5,133.67,0.15,6.11
2344,2024-04-06,South,Consumer,Technology,Accessories,5,2228.38,0.1,7.68
1127,2024-04-06,West,Corporate,Office Supplies,Paper,9,449.16,0.1,15.29
83,2024-04-06,North,Consumer,Office Supplies,Binders,4,102.67,0.0,28.61
2628,2024-04-07,South,Corporate,Technology,Machines,7,3996.56,0.0,1219.32
2404,2024-04-07,East,Consumer,Office Supplies,Storage,6,200.45,0.1,5.56
1793,2024-04-07,South,Consumer,Furniture,Bookcases,2,641.41,0.2,19.1
2623,2024-04-07,North,Consumer,Office Supplies,Binders,1,52.45,0.0,9.13
2557,2024-04-07,North,Home Office,Technology,Phones,7,4127.33,0.15,753.49
1569,2024-04-07,West,Home Office,Technology,Machines,4,1602.16,0.15,356.98
245,2024-04-08,South,Consumer,Technology,Phones,5,2127.96,0.0,732.38
2465,2024-04-09,North,Corporate,Office Supplies,Storage,1,54.51,0.0,15.2
2323,2024-04-10,East,Home Office,Furniture,Bookcases,7,1949.91,0.2,238.91
1414,2024-04-10,West,Consumer,Furniture,Bookcases,7,1534.83,0.1,191.87
835,2024-04-10,South,Consumer,Office Supplies,Binders,2,121.71,0.0,22.36
2355,2024-04-10,East,Home Office,Technology,Accessories,1,388.72,0.1,63.22
2620,2024-04-10,South,Home Office,Technology,Phones,7,3078.97,0.15,307.24
2508,2024-04-11,East,Consumer,Office Supplies,Storage,6,268.61,0.0,55.11
1652,2024-04-11,North,Consumer,Technology,Accessories,9,2843.15,0.3,-342.13
2394,2024-04-11,East,Home Office,Office Supplies,Storage,6,251.79,0.2,29.4
2397,2024-04-11,East,Corporate,Furniture,Bookcases,6,935.86,0.0,87.7
1364,2024-04-11,West,Consumer,Furniture,Chairs,2,516.43,0.0,110.8
10,2024-04-11,North,Corporate,Office Supplies,Storage,4,98.88,0.1,-0.18
954,2024-04-12,East,Consumer,Office Supplies,Storage,1,40.53,0.1,7.86
2956,2024-04-12,East,Corporate,Furniture,Chairs,2,514.3,0.0,122.98
2702,2024-04-13,North,Corporate,Office Supplies,Binders,2,117.26,0.1,31.45
1251,2024-04-13,North,Consumer,Office Supplies,Binders,6,194.7,0.0,41.49
579,2024-04-13,North,Consumer,Technology,Phones,6,2208.14,0.15,443.12
1176,2024-04-13,South,Home Office,Office Supplies,Storage,8,309.69,0.0,75.2
916,2024-04-14,South,Corporate,Furniture,Chairs,3,1167.1,0.15,26.06
318,2024-04-14,East,Corporate,Furniture,Chairs,9,2704.07,0.1,298.63
2121,2024-04-14,West,Consumer,Technology,Phones,2,493.47,0.0,121.57
2265,2024-04-15,South,Home Office,Office Supplies,Paper,5,301.03,0.0,104.42
687,2024-04-15,South,Consumer,Office Supplies,Storage,9,279.92,0.3,2.68
396,2024-04-15,East,Corporate,Office Supplies,Storage,3,163.31,0.0,50.53
2452,2024-04-15,West,Home Office,Furniture,Bookcases,5,946.99,0.0,151.29
1269,2024-04-15,South,Corporate,Furniture,Tables,9,2280.31,0.1,152.6
196,2024-04-16,West,Home Office,Technology,Phones,7,4098.2,0.0,1342.22
104,2024-04-16,East,Home Office,Technology,Phones,1,494.18,0.0,29.54
2838,2024-04-16,South,Consumer,Technology,Accessories,4,1451.53,0.0,438.32
2082,2024-04-17,South,Consumer,Office Supplies,Storage,8,374.4,0.0,93.27
2665,2024-04-17,West,Corporate,Technology,Machines,1,336.69,0.0,49.14
172,2024-04-17,West,Consumer,Furniture,Tables,8,1231.02,0.0,138.35
297,2024-04-17,South,Consumer,Furniture,Tables,7,2024.01,0.0,182.92
259,2024-04-17,North,Consumer,Technology,Phones,2,1188.95,0.3,172.31
873,2024-04-18,South,Home Office,Office Supplies,Binders,2,92.79,0.3,5.4
473,2024-04-18,East,Home Office,Furniture,Bookcases,6,995.85,0.0,84.26
438,2024-04-18,East,Corporate,Furniture,Tables,7,1256.45,0.0,227.88
1675,2024-04-18,South,Corporate,Office Supplies,Binders,2,50.57,0.2,6.35
900,2024-04-18,West,Consumer,Office Supplies,Binders,8,255.37,0.0,17.09
33,2024-04-19,North,Consumer,Furniture,Tables,2,565.0,0.2,128.47
496,2024-04-19,West,Corporate,Furniture,Bookcases,7,2558.87,0.2,576.19
1157,2024-04-19,East,Corporate,Technology,Accessories,2,691.17,0.3,-13.73
2749,2024-04-20,South,Consumer,Office Supplies,Storage,3,112.34,0.0,20.86
646,2024-04-20,East,Home Office,Office Supplies,Paper,3,188.45,0.0,24.6
1224,2024-04-20,East,Corporate,Office Supplies,Paper,4,192.25,0.1,19.13
2944,2024-04-20,South,Home Office,Technology,Machines,1,414.54,0.15,70.51
37,2024-04-20,North,Home Office,Technology,Machines,9,3711.55,0.0,833.84
1333,2024-04-20,South,Consumer,Furniture,Bookcases,7,2440.47,0.0,365.32
742,2024-04-20,West,Corporate,Technology,Accessories,1,268.18,0.0,39.52
1184,2024-04-20,West,Home Office,Technology,Machines,1,361.04,0.0,75.7
383,2024-04-21,North,Corporate,Office Supplies,Paper,4,178.06,0.0,40.74
1436,2024-04-21,North,Consumer,Technology,Machines,5,2796.99,0.3,-236.7
1479,2024-04-21,North,Home Office,Furniture,Tables,4,1349.53,0.1,314.77
345,2024-04-21,South,Corporate,Furniture,Bookcases,7,2044.97,0.0,490.47
1200,2024-04-21,South,Home Office,Office Supplies,Storage,5,312.4,0.15,47.91
2272,2024-04-21,West,Corporate,Office Supplies,Binders,7,379.43,0.0,76.0
73,2024-04-21,North,Corporate,Furniture,Tables,1,382.54,0.2,50.78
1911,2024-04-22,North,Consumer,Office Supplies,Storage,5,275.22,0.1,24.68
1064,2024-04-22,South,Corporate,Technology,Accessories,4,2232.35,0.3,22.74
1391,2024-04-22,South,Corporate,Office Supplies,Storage,1,48.14,0.0,10.46
797,2024-04-25,South,Home Office,Technology,Machines,6,3104.12,0.0,408.23
2311,2024-04-25,East,Home Office,Technology,Accessories,5,3116.6,0.2,-144.77
2745,2024-04-25,South,Corporate,Office Supplies,Paper,2,80.75,0.15,6.55
333,2024-04-25,South,Consumer,Furniture,Tables,3,488.36,0.0,99.39
1696,2024-04-26,East,Corporate,Office Supplies,Paper,2,122.41,0.15,6.87
1369,2024-04-26,South,Consumer,Office Supplies,Binders,1,30.59,0.1,2.56
2065,2024-04-26,North,Corporate,Office Supplies,Storage,5,268.84,0.1,46.39
2372,2024-04-26,South,Home Office,Technology,Machines,4,2027.84,0.2,116.92
2368,2024-04-27,South,Home Office,Office Supplies,Storage,5,274.33,0.2,39.3
2523,2024-04-27,West,Corporate,Furniture,Bookcases,2,319.68,0.1,67.29
2434,2024-04-27,East,Corporate,Office Supplies,Storage,9,255.11,0.0,31.33
2662,2024-04-27,North,Corporate,Furniture,Bookcases,6,2395.76,0.15,506.47
2196,2024-04-27,North,Consumer,Technology,Machines,3,804.19,0.0,176.96
1665,2024-04-28,West,Consumer,Office Supplies,Paper,8,502.79,0.15,32.63
580,2024-04-28,East,Home Office,Office Supplies,Paper,3,91.3,0.15,17.13
1982,2024-04-29,South,Home Office,Technology,Phones,3,1560.79,0.0,481.8
2947,2024-04-29,West,Home Office,Office Supplies,Storage,7,293.25,0.3,-19.58
893,2024-04-29,North,Corporate,Furniture,Chairs,9,3301.55,0.0,936.03
147,2024-04-29,West,Home Office,Furniture,Chairs,1,318.22,0.0,106.75
2430,2024-04-29,North,Corporate,Office Supplies,Paper,8,241.24,0.3,-13.84
1409,2024-04-29,East,Consumer,Office Supplies,Storage,4,217.43,0.0,20.73
46,2024-04-29,East,Home Office,Office Supplies,Paper,7,291.32,0.0,37.23
2965,2024-04-30,West,Home Office,Office Supplies,Paper,7,284.99,0.0,60.94
2585,2024-05-02,East,Consumer,Furniture,Bookcases,5,1751.23,0.15,436.75
2571,2024-05-02,East,Consumer,Office Supplies,Binders,1,30.01,0.15,3.85
451,2024-05-02,West,Corporate,Technology,Phones,2,1081.14,0.3,78.91
762,2024-05-02,West,Consumer,Office Supplies,Storage,9,308.27,0.0,77.37
1419,2024-05-03,East,Consumer,Furniture,Bookcases,5,1864.76,0.3,-121.71
254,2024-05-03,West,Home Office,Office Supplies,Paper,2,125.69,0.1,25.69
1702,2024-05-03,North,Consumer,Office Supplies,Paper,7,431.36,0.2,14.85
2055,2024-05-03,East,Home Office,Technology,Phones,4,1621.9,0.1,127.84
1442,2024-05-04,South,Corporate,Technology,Machines,7,4314.42,0.0,424.98
2333,2024-05-04,North,Corporate,Office Supplies,Paper,5,314.21,0.0,32.21
376,2024-05-04,North,Corporate,Technology,Accessories,1,361.7,0.0,84.49
1545,2024-05-04,West,Corporate,Office Supplies,Paper,6,293.06,0.3,-11.8
2863,2024-05-04,South,Home Office,Furniture,Bookcases,5,1165.26,0.0,216.62
114,2024-05-04,West,Consumer,Office Supplies,Paper,9,566.31,0.0,80.0
1988,2024-05-04,South,Home Office,Technology,Accessories,9,3919.68,0.0,651.58
1246,2024-05-05,North,Consumer,Office Supplies,Storage,1,36.89,0.1,9.16
2540,2024-05-05,South,Corporate,Technology,Accessories,7,2341.93,0.1,106.2
1366,2024-05-05,East,Corporate,Furniture,Bookcases,8,2876.59,0.15,458.24
2664,2024-05-05,West,Home Office,Furniture,Tables,3,689.83,0.0,220.66
2843,2024-05-06,West,Consumer,Furniture,Tables,4,1533.44,0.0,244.74
22,2024-05-06,East,Consumer,Technology,Accessories,6,1549.56,0.0,206.16
601,2024-05-06,East,Home Office,Technology,Phones,1,246.28,0.0,18.95
1731,2024-05-06,West,Corporate,Technology,Machines,4,1679.17,0.2,-51.69
1528,2024-05-07,East,Consumer,Technology,Machines,9,4863.34,0.0,1285.9
2458,2024-05-07,West,Home Office,Furniture,Tables,7,2535.07,0.0,460.86
95,2024-05-07,West,Corporate,Office Supplies,Storage,8,258.94,0.0,78.48
1464,2024-05-07,East,Corporate,Furniture,Bookcases,3,1084.76,0.15,267.07
529,2024-05-07,West,Home Office,Office Supplies,Paper,7,238.65,0.3,-12.0
2412,2024-05-08,South,Corporate,Furniture,Chairs,9,3056.88,0.0,884.22
2880,2024-05-08,South,Home Office,Technology,Machines,6,3435.69,0.15,-104.13
2060,2024-05-08,North,Consumer,Furniture,Chairs,9,3478.17,0.0,394.78
1300,2024-05-08,South,Corporate,Furniture,Chairs,8,1937.24,0.0,458.45
2125,2024-05-08,East,Corporate,Furniture,Bookcases,6,1277.06,0.0,300.17
1775,2024-05-09,West,Consumer,Office Supplies,Paper,1,25.04,0.0,5.96
2001,2024-05-09,West,Consumer,Office Supplies,Storage,6,285.92,0.0,30.08
2019,2024-05-09,North,Home Office,Technology,Machines,6,3805.93,0.1,644.0
618,2024-05-10,South,Corporate,Office Supplies,Storage,7,364.6,0.0,20.17
353,2024-05-11,North,Consumer,Furniture,Chairs,8,1261.86,0.15,86.43
494,2024-05-11,South,Consumer,Office Supplies,Binders,4,215.46,0.0,52.43
2600,2024-05-11,West,Consumer,Office Supplies,Paper,8,219.68,0.15,46.13
1964,2024-05-11,South,Home Office,Furniture,Chairs,9,1874.58,0.15,254.63
2085,2024-05-11,East,Home Office,Technology,Phones,6,3614.66,0.0,946.24
1400,2024-05-11,South,Corporate,Furniture,Tables,7,2089.68,0.15,438.47
2466,2024-05-11,East,Consumer,Office Supplies,Storage,5,195.3,0.3,-8.79
1457,2024-05-11,North,Home Office,Office Supplies,Storage,4,172.46,0.1,-1.15
200,2024-05-11,North,Corporate,Office Supplies,Paper,2,93.81,0.0,30.62
1386,2024-05-12,East,Home Office,Office Supplies,Storage,9,488.91,0.0,145.65
2107,2024-05-12,West,Corporate,Technology,Accessories,8,3733.82,0.3,-181.12
1434,2024-05-12,East,Corporate,Office Supplies,Binders,6,345.39,0.3,7.87
107,2024-05-13,East,Consumer,Furniture,Tables,6,2200.16,0.0,737.36
2537,2024-05-13,East,Corporate,Office Supplies,Storage,1,50.9,0.2,-0.75
517,2024-05-13,West,Home Office,Furniture,Bookcases,5,1700.04,0.0,515.31
1277,2024-05-14,North,Corporate,Technology,Machines,1,277.95,0.3,-13.8
621,2024-05-14,South,Consumer,Office Supplies,Binders,5,182.91,0.0,46.73
1248,2024-05-14,South,Home Office,Technology,Accessories,5,2935.11,0.0,652.14
2308,2024-05-14,South,Consumer,Furniture,Tables,6,2323.65,0.3,35.43
2768,2024-05-14,East,Corporate,Office Supplies,Binders,7,312.57,0.0,85.37
2720,2024-05-14,North,Corporate,Furniture,Tables,2,773.98,0.0,61.95
2675,2024-05-14,East,Home Office,Office Supplies,Binders,7,261.21,0.1,13.11
1059,2024-05-14,South,Consumer,Technology,Machines,3,1628.88,0.0,564.99
527,2024-05-15,East,Home Office,Technology,Machines,6,3588.18,0.1,341.71
1761,2024-05-15,North,Consumer,Furniture,Tables,5,1678.57,0.0,566.84
1168,2024-05-15,South,Corporate,Office Supplies,Storage,7,294.11,0.0,56.27
1373,2024-05-15,West,Home Office,Technology,Accessories,2,493.97,0.0,136.21
1210,2024-05-16,West,Corporate,Technology,Accessories,3,1895.11,0.0,619.07
706,2024-05-16,South,Consumer,Furniture,Tables,9,1372.0,0.0,289.08
1921,2024-05-16,West,Corporate,Office Supplies,Paper,5,249.09,0.3,-29.3
122,2024-05-17,East,Consumer,Technology,Accessories,2,1125.66,0.0,172.9
1048,2024-05-17,East,Home Office,Furniture,Chairs,9,1606.38,0.15,274.1
937,2024-05-17,South,Home Office,Furniture,Bookcases,4,1013.93,0.0,113.61
135,2024-05-17,West,Consumer,Furniture,Tables,9,3010.24,0.15,261.34
2939,2024-05-18,South,Consumer,Technology,Machines,4,2028.49,0.0,423.63
1925,2024-05-18,North,Corporate,Technology,Phones,3,1286.12,0.15,2.59
309,2024-05-18,North,Corporate,Office Supplies,Storage,2,87.85,0.15,3.14
960,2024-05-18,South,Home Office,Office Supplies,Storage,6,240.69,0.3,22.17
653,2024-05-19,South,Consumer,Technology,Accessories,5,2309.24,0.3,341.44
2767,2024-05-19,West,Corporate,Office Supplies,Paper,7,293.58,0.1,76.38
2516,2024-05-19,East,Home Office,Office Supplies,Binders,7,208.01,0.15,36.69
44,2024-05-19,North,Home Office,Technology,Phones,6,2887.06,0.2,650.18
1278,2024-05-20,South,Home Office,Technology,Phones,8,3598.24,0.3,128.99
889,2024-05-20,West,Corporate,Office Supplies,Storage,9,233.07,0.2,25.94
1534,2024-05-20,East,Home Office,Office Supplies,Paper,2,93.85,0.15,6.57
388,2024-05-20,West,Consumer,Furniture,Tables,8,2804.8,0.0,513.99
170,2024-05-20,South,Consumer,Technology,Phones,9,5307.01,0.0,468.16
572,2024-05-20,North,Home Office,Office Supplies,Binders,2,101.28,0.2,-6.69
2988,2024-05-20,South,Corporate,Office Supplies,Paper,5,306.0,0.0,87.66
1367,2024-05-21,East,Corporate,Furniture,Bookcases,1,294.77,0.0,18.87
1723,2024-05-21,South,Consumer,Technology,Phones,2,548.53,0.3,-23.3
887,2024-05-22,West,Corporate,Technology,Machines,4,1343.53,0.0,160.02
2943,2024-05-22,East,Consumer,Office Supplies,Paper,1,40.99,0.3,3.78
655,2024-05-22,West,Consumer,Office Supplies,Paper,9,564.24,0.0,111.97
808,2024-05-22,North,Consumer,Technology,Accessories,7,3697.73,0.1,954.86
2212,2024-05-23,East,Consumer,Office Supplies,Storage,7,265.06,0.0,81.75
2309,2024-05-23,North,Corporate,Office Supplies,Paper,5,153.8,0.1,26.46
63,2024-05-23,South,Corporate,Office Supplies,Paper,2,53.83,0.1,4.23
204,2024-05-24,East,Home Office,Office Supplies,Storage,5,132.48,0.0,9.29
2442,2024-05-24,South,Consumer,Technology,Accessories,9,4833.34,0.2,328.82
2473,2024-05-24,North,Home Office,Technology,Accessories,2,710.27,0.0,55.57
296,2024-05-24,North,Home Office,Office Supplies,Paper,5,252.37,0.1,42.41
238,2024-05-25,West,Corporate,Furniture,Chairs,3,1128.27,0.2,177.27
623,2024-05-25,East,Consumer,Office Supplies,Binders,9,474.19,0.1,67.63
35,2024-05-25,North,Consumer,Technology,Machines,7,3966.82,0.0,659.36
250,2024-05-25,East,Home Office,Office Supplies,Paper,1,27.06,0.2,4.55
1974,2024-05-25,East,Consumer,Furniture,Bookcases,9,2954.62,0.1,770.44
986,2024-05-25,West,Consumer,Office Supplies,Storage,9,305.61,0.1,3.37
738,2024-05-25,West,Consumer,Office Supplies,Binders,2,100.34,0.0,34.15
340,2024-05-26,West,Consumer,Office Supplies,Storage,5,139.39,0.0,40.32
1894,2024-05-26,South,Consumer,Office Supplies,Storage,2,102.66,0.2,2.53
393,2024-05-26,North,Corporate,Office Supplies,Storage,9,320.89,0.1,33.07
1348,2024-05-26,East,Corporate,Technology,Machines,4,1954.61,0.0,253.23
840,2024-05-27,East,Consumer,Technology,Machines,2,985.98,0.0,238.15
445,2024-05-27,West,Home Office,Office Supplies,Paper,8,430.78,0.2,-9.4
1015,2024-05-27,West,Home Office,Office Supplies,Paper,6,207.5,0.1,25.97
682,2024-05-27,East,Home Office,Office Supplies,Storage,3,161.49,0.0,35.93
1954,2024-05-27,South,Home Office,Technology,Machines,6,2838.29,0.0,661.85
1264,2024-05-28,East,Consumer,Office Supplies,Storage,2,77.12,0.3,0.25
2885,2024-05-28,East,Home Office,Furniture,Bookcases,6,2305.16,0.1,13.44
1843,2024-05-29,West,Consumer,Technology,Phones,8,2517.92,0.0,303.8
2286,2024-05-29,North,Home Office,Office Supplies,Binders,2,119.16,0.15,0.43
2715,2024-05-29,North,Consumer,Office Supplies,Binders,2,48.33,0.3,5.74
2659,2024-05-29,East,Consumer,Technology,Accessories,4,1667.33,0.2,117.15
2639,2024-05-29,East,Consumer,Technology,Accessories,5,2918.08,0.15,-78.07
2712,2024-05-30,West,Consumer,Office Supplies,Paper,5,207.8,0.2,31.22
490,2024-05-30,South,Home Office,Technology,Accessories,3,880.53,0.3,-95.27
1458,2024-05-30,North,Consumer,Technology,Phones,2,1271.35,0.2,291.57
939,2024-05-30,North,Consumer,Technology,Machines,3,1249.86,0.3,-109.38
336,2024-05-30,East,Consumer,Furniture,Chairs,8,1793.22,0.0,181.05
1882,2024-05-30,South,Corporate,Office Supplies,Paper,9,395.15,0.0,100.09
1699,2024-05-30,North,Home Office,Technology,Phones,4,1411.27,0.1,21.12
2295,2024-05-31,South,Home Office,Technology,Phones,1,620.84,0.0,76.93
2246,2024-05-31,East,Home Office,Technology,Phones,6,2697.25,0.1,351.8
2884,2024-05-31,South,Corporate,Office Supplies,Storage,8,279.35,0.1,13.8
2018,2024-05-31,South,Home Office,Office Supplies,Binders,8,379.73,0.3,-12.84
612,2024-05-31,North,Consumer,Office Supplies,Storage,1,59.31,0.1,8.65
1536,2024-05-31,North,Corporate,Office Supplies,Binders,8,507.51,0.0,160.35
1077,2024-05-31,South,Home Office,Technology,Phones,1,311.3,0.3,26.31
2396,2024-05-31,South,Consumer,Office Supplies,Binders,2,101.46,0.15,2.87
924,2024-06-01,West,Home Office,Office Supplies,Binders,4,232.39,0.1,11.43
348,2024-06-01,North,Consumer,Office Supplies,Storage,5,214.35,0.1,34.53
741,2024-06-01,East,Home Office,Office Supplies,Storage,7,422.09,0.0,88.73
2435,2024-06-02,East,Corporate,Office Supplies,Storage,9,372.0,0.3,15.94
2831,2024-06-02,North,Consumer,Technology,Accessories,3,1497.33,0.15,19.21
604,2024-06-02,South,Consumer,Office Supplies,Storage,2,73.24,0.15,12.05
1431,2024-06-02,West,Consumer,Office Supplies,Binders,9,473.06,0.0,69.4
2968,2024-06-03,East,Consumer,Technology,Accessories,8,3099.98,0.15,329.99
821,2024-06-03,South,Corporate,Office Supplies,Paper,5,298.09,0.1,69.63
1909,2024-06-03,East,Corporate,Office Supplies,Storage,9,372.18,0.15,32.23
2545,2024-06-03,North,Consumer,Office Supplies,Paper,7,183.2,0.1,37.65
1740,2024-06-03,South,Corporate,Technology,Machines,9,2617.93,0.0,344.1
1292,2024-06-04,North,Consumer,Office Supplies,Storage,5,160.34,0.1,22.16
1568,2024-06-04,North,Consumer,Technology,Phones,1,616.75,0.2,113.16
1758,2024-06-04,West,Consumer,Office Supplies,Storage,6,188.39,0.0,11.45
2169,2024-06-04,South,Home Office,Office Supplies,Storage,1,52.7,0.0,15.0
100,2024-06-04,West,Consumer,Technology,Machines,7,3867.78,0.3,383.2
1541,2024-06-04,West,Home Office,Technology,Machines,6,2477.0,0.1,234.35
482,2024-06-05,North,Home Office,Office Supplies,Paper,1,46.77,0.2,4.91
1076,2024-06-05,North,Consumer,Technology,Accessories,8,3497.69,0.1,651.2
2580,2024-06-05,South,Corporate,Technology,Phones,2,656.52,0.0,117.66
2208,2024-06-06,East,Home Office,Office Supplies,Binders,7,413.72,0.15,48.52
1266,2024-06-06,West,Corporate,Office Supplies,Paper,9,385.3,0.1,109.85
2579,2024-06-06,North,Home Office,Furniture,Bookcases,9,2347.64,0.0,617.5
1849,2024-06-07,North,Consumer,Office Supplies,Binders,6,312.38,0.15,28.77
1671,2024-06-07,East,Consumer,Office Supplies,Paper,8,441.74,0.3,-16.85
2977,2024-06-07,North,Corporate,Office Supplies,Storage,9,524.75,0.2,59.32
1729,2024-06-07,West,Home Office,Office Supplies,Binders,3,96.76,0.0,17.16
1393,2024-06-07,East,Home Office,Office Supplies,Binders,9,365.65,0.15,45.27
1636,2024-06-07,West,Consumer,Office Supplies,Binders,6,362.17,0.3,-28.22
843,2024-06-07,North,Consumer,Furniture,Tables,7,1511.08,0.0,131.34
1639,2024-06-08,East,Corporate,Technology,Machines,7,2158.1,0.2,104.18
904,2024-06-08,West,Consumer,Office Supplies,Paper,1,26.34,0.0,2.56
550,2024-06-08,South,Corporate,Furniture,Tables,5,1045.59,0.0,283.16
154,2024-06-08,West,Consumer,Technology,Accessories,1,609.61,0.0,124.93
387,2024-06-08,South,Consumer,Furniture,Bookcases,9,3036.1,0.3,-296.3
880,2024-06-09,West,Corporate,Office Supplies,Storage,7,442.33,0.0,27.55
872,2024-06-09,East,Home Office,Office Supplies,Paper,3,107.72,0.15,0.12
1291,2024-06-09,South,Consumer,Technology,Accessories,9,2584.72,0.2,366.22
679,2024-06-09,North,Home Office,Office Supplies,Storage,9,362.31,0.2,61.43
2714,2024-06-09,South,Corporate,Technology,Accessories,4,1666.24,0.0,519.87
2438,2024-06-09,South,Corporate,Office Supplies,Binders,4,199.51,0.1,51.23
1038,2024-06-09,North,Home Office,Technology,Machines,1,489.56,0.1,54.16
1914,2024-06-09,North,Corporate,Office Supplies,Paper,4,217.73,0.1,49.64
2348,2024-06-09,West,Consumer,Technology,Machines,2,1219.07,0.0,292.58
1445,2024-06-09,West,Home Office,Technology,Machines,7,2951.35,0.2,476.64
1752,2024-06-10,West,Corporate,Furniture,Chairs,1,153.36,0.0,39.08
1456,2024-06-10,South,Home Office,Office Supplies,Storage,8,404.18,0.1,7.59
1726,2024-06-10,South,Corporate,Furniture,Bookcases,9,1776.0,0.0,385.51
1160,2024-06-12,North,Home Office,Technology,Accessories,7,1984.1,0.1,383.21
2878,2024-06-12,South,Corporate,Office Supplies,Storage,7,187.33,0.15,21.64
1906,2024-06-13,West,Corporate,Office Supplies,Paper,6,283.67,0.3,-4.03
2602,2024-06-13,East,Consumer,Furniture,Bookcases,9,2319.74,0.15,389.76
636,2024-06-14,West,Home Office,Technology,Machines,6,3812.09,0.1,28.48
2227,2024-06-14,South,Corporate,Office Supplies,Binders,9,556.17,0.1,116.45
2184,2024-06-14,East,Home Office,Office Supplies,Storage,4,102.81,0.3,8.41
1272,2024-06-15,West,Corporate,Office Supplies,Paper,8,214.79,0.15,7.09
2908,2024-06-15,West,Consumer,Office Supplies,Binders,3,146.77,0.0,16.58
1885,2024-06-15,East,Corporate,Technology,Accessories,1,431.88,0.2,85.84
673,2024-06-15,West,Corporate,Office Supplies,Storage,5,179.24,0.1,21.97
2384,2024-06-15,East,Home Office,Technology,Accessories,5,1497.25,0.0,103.19
976,2024-06-15,North,Home Office,Furniture,Tables,8,2142.35,0.1,574.94
2982,2024-06-16,South,Home Office,Office Supplies,Paper,2,80.8,0.0,4.29
2828,2024-06-16,East,Home Office,Furniture,Tables,9,2658.57,0.0,359.09
2619,2024-06-17,South,Consumer,Technology,Accessories,6,2668.41,0.0,499.63
838,2024-06-17,South,Corporate,Technology,Accessories,7,4033.12,0.1,369.53
1623,2024-06-18,East,Consumer,Office Supplies,Binders,3,187.22,0.0,23.21
1749,2024-06-19,North,Consumer,Office Supplies,Storage,5,122.85,0.3,-14.34
2699,2024-06-19,South,Consumer,Office Supplies,Storage,8,445.72,0.3,46.24
2721,2024-06-19,West,Home Office,Furniture,Bookcases,7,2056.1,0.3,-238.67
2992,2024-06-20,West,Corporate,Furniture,Tables,9,1495.18,0.0,199.72
2374,2024-06-20,South,Corporate,Office Supplies,Binders,5,253.51,0.1,66.0
1413,2024-06-20,West,Home Office,Office Supplies,Storage,7,322.5,0.0,22.43
1152,2024-06-20,South,Corporate,Office Supplies,Binders,1,56.89,0.1,15.89
2358,2024-06-20,West,Home Office,Office Supplies,Binders,7,176.73,0.0,20.41
1571,2024-06-20,East,Corporate,Office Supplies,Storage,6,235.2,0.2,30.09
902,2024-06-20,West,Corporate,Furniture,Chairs,6,1492.49,0.0,167.43
1850,2024-06-20,North,Consumer,Furniture,Tables,1,302.88,0.0,93.96
2030,2024-06-21,West,Home Office,Office Supplies,Storage,6,227.69,0.2,29.6
1420,2024-06-21,North,Consumer,Furniture,Tables,3,507.77,0.0,160.07
1695,2024-06-21,North,Home Office,Furniture,Chairs,2,422.58,0.1,-0.13
385,2024-06-21,South,Corporate,Furniture,Bookcases,6,2013.44,0.0,173.38
1733,2024-06-22,North,Corporate,Technology,Phones,7,3973.96,0.15,958.96
2126,2024-06-22,South,Corporate,Furniture,Chairs,8,2118.47,0.3,-246.48
2248,2024-06-22,North,Corporate,Office Supplies,Paper,3,114.57,0.0,24.2
1712,2024-06-22,South,Consumer,Office Supplies,Binders,1,28.39,0.1,-0.13
2538,2024-06-23,North,Consumer,Office Supplies,Binders,2,101.97,0.0,23.31
703,2024-06-23,West,Corporate,Technology,Machines,9,5607.96,0.0,1176.03
1563,2024-06-24,East,Consumer,Technology,Accessories,7,4127.44,0.15,630.94
152,2024-06-24,West,Home Office,Technology,Accessories,6,3324.23,0.1,167.31
2621,2024-06-24,South,Home Office,Office Supplies,Paper,6,208.57,0.15,-0.43
2734,2024-06-25,South,Corporate,Furniture,Tables,1,296.49,0.1,14.88
2288,2024-06-25,East,Consumer,Office Supplies,Binders,8,315.68,0.0,28.98
799,2024-06-25,East,Consumer,Office Supplies,Binders,5,278.48,0.0,70.86
2801,2024-06-26,East,Consumer,Office Supplies,Binders,2,88.55,0.2,16.01
947,2024-06-26,West,Consumer,Office Supplies,Paper,6,144.1,0.1,38.16
2383,2024-06-26,North,Corporate,Office Supplies,Binders,4,225.7,0.1,51.1
1778,2024-06-27,East,Consumer,Office Supplies,Paper,8,507.1,0.15,126.67
2596,2024-06-27,South,Corporate,Technology,Phones,3,1512.08,0.3,235.19
2975,2024-06-27,North,Corporate,Office Supplies,Storage,1,61.42,0.0,10.69
501,2024-06-28,West,Consumer,Technology,Machines,7,1977.4,0.15,400.2
846,2024-06-29,South,Corporate,Office Supplies,Storage,1,50.13,0.0,12.0
2475,2024-06-29,North,Corporate,Office Supplies,Paper,6,363.94,0.0,73.16
1470,2024-06-29,East,Corporate,Technology,Accessories,7,1693.0,0.2,37.58
810,2024-06-29,South,Home Office,Technology,Accessories,4,2134.84,0.0,567.93
129,2024-06-30,North,Corporate,Office Supplies,Storage,7,421.7,0.0,106.36
337,2024-06-30,West,Corporate,Furniture,Tables,9,1723.67,0.0,443.36
2779,2024-06-30,North,Home Office,Office Supplies,Paper,2,108.37,0.15,-0.0
712,2024-06-30,South,Corporate,Office Supplies,Storage,5,290.1,0.2,27.51
1014,2024-06-30,North,Corporate,Office Supplies,Binders,7,384.57,0.2,-23.85
2270,2024-07-01,North,Home Office,Office Supplies,Binders,2,60.94,0.0,16.44
542,2024-07-01,South,Home Office,Technology,Phones,1,626.18,0.3,13.06
1362,2024-07-01,West,Home Office,Technology,Accessories,4,1507.69,0.1,304.76
950,2024-07-01,West,Home Office,Technology,Phones,8,3341.16,0.15,548.0
1260,2024-07-01,North,Corporate,Furniture,Chairs,6,2022.48,0.2,183.98
2804,2024-07-01,East,Corporate,Office Supplies,Storage,9,241.71,0.0,59.93
1866,2024-07-02,West,Consumer,Office Supplies,Paper,5,218.51,0.1,24.95
984,2024-07-03,North,Consumer,Technology,Phones,3,1451.65,0.0,182.08
2548,2024-07-03,West,Home Office,Office Supplies,Binders,1,43.79,0.0,11.82
2307,2024-07-03,East,Consumer,Office Supplies,Storage,1,48.34,0.2,0.05
1002,2024-07-03,North,Consumer,Office Supplies,Storage,2,48.35,0.3,-4.65
1102,2024-07-03,East,Home Office,Office Supplies,Storage,7,177.36,0.1,49.01
1068,2024-07-03,North,Home Office,Office Supplies,Binders,1,61.9,0.0,7.74
476,2024-07-04,North,Home Office,Office Supplies,Binders,2,84.0,0.15,15.12
256,2024-07-04,East,Consumer,Office Supplies,Binders,7,239.49,0.0,37.47
767,2024-07-04,West,Home Office,Office Supplies,Paper,1,50.13,0.0,17.04
1630,2024-07-04,South,Consumer,Furniture,Chairs,5,1501.72,0.1,237.49
1907,2024-07-05,West,Corporate,Technology,Machines,6,3440.33,0.15,229.92
1293,2024-07-05,East,Corporate,Furniture,Tables,6,1660.81,0.0,174.84
2419,2024-07-05,East,Consumer,Office Supplies,Binders,5,308.34,0.0,46.31
1919,2024-07-06,South,Consumer,Technology,Machines,8,3556.86,0.15,63.4
1788,2024-07-06,East,Consumer,Technology,Accessories,5,2187.85,0.15,254.51
1824,2024-07-06,North,Consumer,Technology,Accessories,3,1907.11,0.15,474.15
2482,2024-07-07,North,Consumer,Technology,Phones,9,2263.85,0.0,415.91
140,2024-07-07,East,Consumer,Office Supplies,Paper,3,84.71,0.0,28.24
2484,2024-07-07,West,Corporate,Technology,Phones,4,1889.16,0.15,428.9
2219,2024-07-07,East,Home Office,Technology,Phones,8,3572.21,0.1,327.45
2231,2024-07-07,North,Home Office,Furniture,Tables,4,1330.53,0.2,204.62
1057,2024-07-07,South,Corporate,Office Supplies,Binders,6,311.67,0.15,33.58
2955,2024-07-07,South,Corporate,Office Supplies,Binders,6,210.91,0.15,31.47
2929,2024-07-07,East,Consumer,Technology,Accessories,5,2695.03,0.2,15.84
921,2024-07-07,South,Home Office,Technology,Phones,6,2468.8,0.0,542.86
510,2024-07-09,North,Home Office,Office Supplies,Storage,7,383.01,0.15,52.28
661,2024-07-09,East,Home Office,Office Supplies,Storage,1,60.5,0.2,4.87
166,2024-07-09,West,Home Office,Furniture,Tables,6,1763.11,0.0,588.06
77,2024-07-09,East,Consumer,Office Supplies,Storage,2,92.17,0.1,18.98
1966,2024-07-09,West,Home Office,Furniture,Chairs,2,619.44,0.0,200.61
2821,2024-07-09,South,Consumer,Technology,Accessories,6,2967.44,0.0,429.54
161,2024-07-10,South,Home Office,Office Supplies,Storage,1,53.63,0.2,4.8
1610,2024-07-10,North,Consumer,Furniture,Bookcases,9,3333.32,0.15,420.0
1621,2024-07-10,North,Corporate,Office Supplies,Binders,3,185.72,0.0,9.85
1336,2024-07-11,East,Home Office,Furniture,Tables,1,157.6,0.1,25.35
1751,2024-07-11,North,Corporate,Office Supplies,Paper,3,130.27,0.1,24.28
711,2024-07-11,South,Consumer,Office Supplies,Binders,4,130.46,0.0,13.28
2760,2024-07-12,East,Home Office,Technology,Accessories,6,1486.68,0.0,404.96
2162,2024-07-12,West,Home Office,Furniture,Bookcases,9,3382.22,0.0,652.58
979,2024-07-12,South,Home Office,Technology,Machines,1,252.65,0.0,80.9
2951,2024-07-12,North,Home Office,Furniture,Bookcases,9,1830.08,0.0,290.44
449,2024-07-13,North,Corporate,Furniture,Bookcases,4,1438.61,0.2,36.5
2496,2024-07-13,East,Home Office,Technology,Machines,2,1272.59,0.0,95.74
32,2024-07-14,North,Home Office,Office Supplies,Paper,2,59.11,0.0,5.69
2336,2024-07-14,West,Corporate,Office Supplies,Paper,1,26.58,0.0,6.17
2195,2024-07-14,South,Corporate,Office Supplies,Binders,2,79.42,0.2,6.58
2244,2024-07-14,North,Consumer,Office Supplies,Storage,1,38.1,0.1,1.32
2558,2024-07-14,North,Home Office,Technology,Accessories,7,3710.8,0.0,891.65
1188,2024-07-14,East,Home Office,Furniture,Tables,6,1977.8,0.0,586.1
2904,2024-07-14,North,Consumer,Office Supplies,Storage,5,303.07,0.0,93.48
1744,2024-07-15,North,Consumer,Technology,Accessories,7,3605.28,0.3,-40.76
2626,2024-07-15,West,Consumer,Office Supplies,Storage,5,262.95,0.3,36.57
2253,2024-07-15,North,Home Office,Technology,Accessories,6,1672.0,0.0,337.85
1887,2024-07-15,East,Home Office,Furniture,Chairs,9,2167.5,0.1,416.49
67,2024-07-15,West,Corporate,Office Supplies,Paper,4,144.51,0.0,31.65
2777,2024-07-16,South,Corporate,Technology,Machines,3,893.89,0.0,209.96
41,2024-07-16,East,Home Office,Technology,Accessories,4,1227.78,0.3,-75.45
325,2024-07-16,East,Corporate,Technology,Machines,5,1220.99,0.2,-30.84
801,2024-07-16,West,Corporate,Furniture,Bookcases,4,1149.27,0.15,224.31
2539,2024-07-16,North,Home Office,Furniture,Bookcases,9,1398.58,0.0,98.78
2124,2024-07-17,East,Corporate,Office Supplies,Paper,5,223.25,0.2,-1.86
202,2024-07-17,West,Home Office,Furniture,Tables,7,1927.76,0.3,144.65
571,2024-07-17,East,Home Office,Office Supplies,Storage,5,316.57,0.1,44.57
145,2024-07-17,North,Consumer,Office Supplies,Binders,9,303.13,0.15,-3.81
2476,2024-07-17,South,Consumer,Office Supplies,Binders,9,539.95,0.0,86.0
1521,2024-07-17,West,Corporate,Technology,Machines,5,1298.12,0.0,114.98
747,2024-07-18,North,Corporate,Office Supplies,Storage,6,219.46,0.1,45.86
57,2024-07-18,West,Corporate,Technology,Accessories,5,1917.43,0.2,26.13
581,2024-07-18,East,Consumer,Furniture,Chairs,5,1920.2,0.1,528.22
684,2024-07-19,South,Consumer,Technology,Phones,9,2800.37,0.2,175.23
367,2024-07-19,East,Home Office,Technology,Accessories,6,2979.76,0.0,853.38
2680,2024-07-19,West,Corporate,Technology,Machines,4,1900.71,0.0,358.52
71,2024-07-19,South,Home Office,Technology,Phones,9,3456.84,0.0,1046.78
216,2024-07-19,East,Consumer,Technology,Phones,5,2220.3,0.15,252.82
1855,2024-07-20,South,Consumer,Office Supplies,Binders,6,236.82,0.15,53.32
42,2024-07-20,North,Consumer,Technology,Machines,4,1118.88,0.0,366.65
1139,2024-07-20,South,Corporate,Furniture,Chairs,9,2506.57,0.1,671.07
2950,2024-07-20,East,Home Office,Furniture,Chairs,7,2703.43,0.15,522.57
1595,2024-07-21,South,Home Office,Furniture,Tables,7,2706.85,0.0,643.17
1399,2024-07-22,East,Corporate,Office Supplies,Binders,4,115.1,0.15,7.49
2800,2024-07-22,North,Corporate,Furniture,Bookcases,4,1005.15,0.0,64.88
584,2024-07-22,South,Corporate,Office Supplies,Binders,8,495.77,0.0,49.9
368,2024-07-23,South,Home Office,Technology,Accessories,8,2183.7,0.1,296.32
1694,2024-07-23,East,Consumer,Furniture,Bookcases,7,2296.44,0.0,753.97
1725,2024-07-23,North,Home Office,Technology,Accessories,7,4421.83,0.1,1198.68
409,2024-07-23,North,Corporate,Office Supplies,Binders,1,58.15,0.15,3.96
2899,2024-07-24,North,Consumer,Office Supplies,Storage,8,221.0,0.3,12.75
1607,2024-07-24,South,Corporate,Technology,Accessories,4,1844.4,0.3,311.42
2989,2024-07-24,East,Consumer,Technology,Accessories,5,3008.56,0.0,990.97
1522,2024-07-24,North,Home Office,Furniture,Chairs,1,197.09,0.1,44.93
1418,2024-07-24,North,Corporate,Technology,Accessories,2,1089.69,0.1,6.88
1606,2024-07-24,West,Home Office,Technology,Machines,8,4827.55,0.0,1543.99
268,2024-07-25,West,Corporate,Technology,Phones,7,3933.9,0.0,385.08
419,2024-07-25,West,Home Office,Furniture,Chairs,7,1898.21,0.0,311.58
1659,2024-07-25,West,Home Office,Office Supplies,Paper,7,265.12,0.0,28.08
2495,2024-07-25,South,Corporate,Furniture,Bookcases,7,1656.91,0.15,-21.49
1018,2024-07-25,East,Home Office,Office Supplies,Paper,8,298.5,0.15,46.15
2870,2024-07-26,East,Corporate,Technology,Phones,2,490.46,0.1,7.75
2869,2024-07-26,West,Corporate,Office Supplies,Paper,7,198.66,0.15,26.68
1544,2024-07-26,South,Corporate,Office Supplies,Storage,7,309.9,0.2,32.4
2769,2024-07-26,North,Home Office,Furniture,Chairs,4,1067.57,0.2,34.76
859,2024-07-26,East,Home Office,Technology,Accessories,3,1042.94,0.2,-59.19
2445,2024-07-27,South,Home Office,Office Supplies,Storage,8,282.14,0.0,90.53
162,2024-07-27,West,Corporate,Technology,Accessories,1,378.09,0.1,79.29
124,2024-07-27,West,Home Office,Office Supplies,Storage,4,221.79,0.15,16.7
1029,2024-07-27,West,Corporate,Office Supplies,Paper,7,199.25,0.2,45.66
2433,2024-07-27,West,Corporate,Office Supplies,Storage,4,224.92,0.1,6.89
961,2024-07-27,East,Consumer,Office Supplies,Binders,1,44.82,0.15,3.83
404,2024-07-28,North,Home Office,Office Supplies,Storage,7,345.31,0.1,51.57
1150,2024-07-28,West,Consumer,Technology,Phones,8,2030.41,0.0,569.6
2046,2024-07-28,South,Corporate,Furniture,Tables,8,1713.07,0.1,22.37
143,2024-07-28,South,Corporate,Office Supplies,Paper,1,43.92,0.15,2.55
1043,2024-07-28,East,Consumer,Office Supplies,Paper,2,91.53,0.1,12.74
2980,2024-07-28,East,Consumer,Furniture,Chairs,7,2393.94,0.0,286.72
1525,2024-07-28,West,Corporate,Furniture,Chairs,7,1919.24,0.0,374.2
1956,2024-07-29,West,Home Office,Technology,Phones,9,3232.65,0.0,759.6
1337,2024-07-29,South,Consumer,Technology,Phones,5,1429.66,0.3,-27.91
1491,2024-07-30,West,Corporate,Office Supplies,Binders,8,473.2,0.2,-0.51
506,2024-07-30,West,Corporate,Office Supplies,Storage,7,205.99,0.0,34.09
2883,2024-07-30,South,Consumer,Technology,Phones,8,3995.64,0.3,142.08
1895,2024-07-31,North,Home Office,Furniture,Bookcases,9,2992.22,0.15,56.38
2314,2024-07-31,North,Consumer,Office Supplies,Paper,1,31.11,0.2,2.84
159,2024-07-31,East,Corporate,Office Supplies,Paper,5,255.39,0.2,47.92
783,2024-07-31,South,Home Office,Furniture,Bookcases,6,1506.78,0.0,173.35
2353,2024-07-31,North,Corporate,Office Supplies,Binders,7,185.14,0.1,5.58
1054,2024-08-01,East,Corporate,Technology,Accessories,3,1191.03,0.0,353.52
1235,2024-08-01,South,Corporate,Technology,Accessories,7,2783.92,0.15,286.17
306,2024-08-02,North,Consumer,Technology,Phones,9,3184.35,0.1,557.68
2376,2024-08-02,East,Consumer,Office Supplies,Storage,1,37.13,0.1,7.22
1556,2024-08-02,South,Corporate,Technology,Accessories,6,1582.86,0.1,45.99
2181,2024-08-02,North,Corporate,Technology,Accessories,4,2096.67,0.0,715.31
907,2024-08-02,West,Home Office,Furniture,Chairs,6,1535.08,0.0,221.03
2228,2024-08-02,South,Corporate,Office Supplies,Binders,1,45.17,0.3,-4.66
2509,2024-08-03,North,Consumer,Furniture,Tables,8,1482.09,0.1,70.26
2193,2024-08-03,North,Consumer,Office Supplies,Binders,1,42.17,0.15,8.84
1006,2024-08-03,East,Home Office,Office Supplies,Paper,5,308.67,0.0,99.94
2781,2024-08-03,South,Consumer,Office Supplies,Storage,4,174.42,0.0,56.47
2850,2024-08-03,East,Consumer,Office Supplies,Paper,6,379.02,0.0,61.33
457,2024-08-03,West,Corporate,Technology,Phones,1,307.21,0.0,52.22
2788,2024-08-04,West,Corporate,Technology,Phones,5,1793.59,0.3,280.26
936,2024-08-04,North,Corporate,Technology,Phones,5,1328.09,0.2,290.12
2820,2024-08-04,West,Home Office,Office Supplies,Storage,7,241.56,0.0,82.76
2149,2024-08-05,West,Home Office,Office Supplies,Binders,9,262.8,0.15,61.82
2711,2024-08-05,East,Corporate,Technology,Machines,6,2561.4,0.0,528.09
1523,2024-08-06,South,Consumer,Furniture,Chairs,7,1647.1,0.15,164.87
2656,2024-08-06,East,Consumer,Furniture,Chairs,8,3170.84,0.0,816.19
1734,2024-08-06,South,Corporate,Furniture,Chairs,6,2191.31,0.1,-4.26
2175,2024-08-06,South,Consumer,Office Supplies,Binders,6,350.2,0.3,7.05
1765,2024-08-06,North,Corporate,Furniture,Bookcases,2,672.08,0.15,104.28
1504,2024-08-07,West,Corporate,Office Supplies,Binders,1,46.0,0.0,4.63
2047,2024-08-07,East,Corporate,Technology,Machines,6,3617.38,0.2,244.24
2052,2024-08-07,West,Corporate,Furniture,Tables,4,1225.8,0.1,40.27
2146,2024-08-08,West,Home Office,Office Supplies,Paper,4,196.99,0.0,19.36
1655,2024-08-08,South,Corporate,Furniture,Bookcases,5,1290.43,0.2,-80.78
2941,2024-08-08,West,Consumer,Furniture,Tables,7,1961.89,0.3,44.67
288,2024-08-09,South,Corporate,Office Supplies,Paper,4,140.15,0.15,3.91
2689,2024-08-09,North,Home Office,Furniture,Bookcases,3,477.22,0.0,153.5
1790,2024-08-10,South,Corporate,Office Supplies,Paper,6,272.97,0.1,39.14
2896,2024-08-10,East,Home Office,Furniture,Bookcases,1,337.0,0.0,59.76
1319,2024-08-10,West,Home Office,Office Supplies,Storage,3,182.1,0.1,25.82
2033,2024-08-10,South,Consumer,Office Supplies,Paper,2,57.02,0.1,11.97
1013,2024-08-10,North,Corporate,Office Supplies,Storage,5,306.16,0.0,68.3
598,2024-08-10,East,Consumer,Furniture,Bookcases,4,661.67,0.1,34.02
2053,2024-08-11,North,Consumer,Furniture,Tables,1,389.24,0.1,-0.46
1635,2024-08-11,North,Consumer,Furniture,Chairs,4,1028.65,0.2,164.45
1804,2024-08-11,West,Corporate,Office Supplies,Binders,9,567.32,0.3,-27.48
2137,2024-08-11,West,Home Office,Technology,Machines,8,2184.76,0.15,23.18
1206,2024-08-12,South,Home Office,Furniture,Bookcases,6,1664.9,0.0,457.88
2560,2024-08-12,South,Home Office,Office Supplies,Paper,7,437.61,0.3,-35.47
2210,2024-08-12,North,Home Office,Office Supplies,Storage,7,254.71,0.15,6.94
1741,2024-08-13,South,Home Office,Office Supplies,Paper,2,73.0,0.0,16.55
2449,2024-08-13,South,Home Office,Technology,Phones,7,3778.94,0.15,588.29
1403,2024-08-14,North,Consumer,Technology,Phones,2,750.12,0.1,63.81
1794,2024-08-14,West,Consumer,Technology,Phones,8,3047.88,0.15,-94.1
1947,2024-08-14,North,Home Office,Office Supplies,Paper,4,160.19,0.15,30.29
1585,2024-08-15,East,Home Office,Office Supplies,Binders,4,245.64,0.0,38.75
1281,2024-08-15,South,Home Office,Office Supplies,Paper,9,401.58,0.0,107.14
108,2024-08-15,South,Home Office,Office Supplies,Storage,5,223.34,0.15,9.99
2867,2024-08-15,West,Corporate,Office Supplies,Binders,4,219.76,0.15,10.62
2724,2024-08-16,South,Consumer,Office Supplies,Paper,9,470.3,0.1,26.86
2339,2024-08-16,South,Home Office,Office Supplies,Binders,8,201.16,0.3,-0.16
2066,2024-08-16,West,Corporate,Office Supplies,Paper,7,328.35,0.15,60.26
1863,2024-08-16,South,Home Office,Office Supplies,Binders,2,89.29,0.0,11.88
2478,2024-08-16,North,Home Office,Furniture,Tables,3,1130.18,0.1,239.01
1437,2024-08-16,West,Corporate,Furniture,Bookcases,5,803.1,0.0,132.7
715,2024-08-16,East,Home Office,Office Supplies,Paper,1,54.53,0.0,6.47
920,2024-08-17,East,Corporate,Furniture,Bookcases,8,1612.15,0.1,15.32
2802,2024-08-18,North,Home Office,Technology,Phones,7,3474.7,0.2,541.32
2825,2024-08-18,West,Home Office,Office Supplies,Binders,3,165.01,0.15,23.32
997,2024-08-18,South,Consumer,Technology,Phones,2,927.86,0.0,69.4
555,2024-08-18,North,Home Office,Technology,Phones,1,435.16,0.0,103.59
2217,2024-08-19,North,Home Office,Technology,Phones,6,1663.81,0.15,299.82
2948,2024-08-19,South,Consumer,Furniture,Bookcases,1,296.57,0.0,87.59
2440,2024-08-20,North,Consumer,Technology,Phones,1,459.29,0.1,7.56
2865,2024-08-20,East,Consumer,Office Supplies,Paper,1,48.08,0.1,1.67
1075,2024-08-20,West,Home Office,Technology,Machines,2,1124.46,0.15,151.14
2876,2024-08-20,North,Corporate,Office Supplies,Binders,6,372.32,0.0,114.87
2615,2024-08-20,North,Consumer,Furniture,Chairs,6,1654.54,0.1,187.06
2676,2024-08-20,North,Corporate,Furniture,Chairs,7,2287.08,0.15,407.87
2852,2024-08-21,South,Home Office,Technology,Accessories,2,629.85,0.1,105.27
1320,2024-08-21,North,Corporate,Furniture,Bookcases,7,2584.61,0.15,173.41
1912,2024-08-21,South,Consumer,Office Supplies,Binders,7,306.04,0.0,30.25
52,2024-08-23,North,Home Office,Technology,Phones,4,2341.68,0.1,240.25
1031,2024-08-23,South,Home Office,Technology,Machines,6,2048.16,0.1,-1.74
2074,2024-08-23,North,Home Office,Technology,Phones,3,902.05,0.1,197.85
2933,2024-08-23,North,Consumer,Office Supplies,Binders,2,74.94,0.1,17.87
450,2024-08-23,East,Consumer,Furniture,Tables,9,2561.32,0.3,-34.85
2043,2024-08-24,South,Consumer,Technology,Machines,7,2515.49,0.0,150.38
2678,2024-08-24,West,Home Office,Furniture,Tables,7,1589.68,0.0,378.2
1580,2024-08-24,South,Home Office,Office Supplies,Storage,2,125.1,0.3,5.13
2789,2024-08-24,North,Corporate,Technology,Phones,1,622.75,0.15,51.93
522,2024-08-24,East,Home Office,Office Supplies,Binders,1,27.1,0.1,2.52
2765,2024-08-24,South,Corporate,Technology,Phones,4,2532.14,0.15,186.03
1153,2024-08-24,South,Consumer,Furniture,Bookcases,4,780.39,0.1,42.64
2919,2024-08-26,South,Consumer,Office Supplies,Binders,3,165.43,0.0,50.24
1238,2024-08-26,South,Home Office,Office Supplies,Binders,8,243.75,0.0,43.19
1123,2024-08-26,South,Consumer,Furniture,Tables,3,787.94,0.0,109.85
435,2024-08-26,North,Corporate,Office Supplies,Paper,6,276.68,0.15,29.19
836,2024-08-26,South,Corporate,Technology,Machines,1,466.01,0.15,115.76
1716,2024-08-26,South,Corporate,Office Supplies,Paper,2,75.0,0.1,14.43
1738,2024-08-27,West,Home Office,Technology,Phones,9,4423.9,0.15,986.29
521,2024-08-27,East,Consumer,Technology,Machines,7,3610.37,0.0,932.05
2081,2024-08-27,West,Corporate,Office Supplies,Storage,3,124.69,0.0,11.93
1948,2024-08-27,South,Consumer,Furniture,Chairs,4,1457.8,0.0,303.16
959,2024-08-28,East,Consumer,Technology,Machines,7,4126.01,0.15,470.05
1004,2024-08-28,South,Corporate,Office Supplies,Paper,6,311.55,0.0,24.89
514,2024-08-29,North,Home Office,Office Supplies,Paper,1,24.48,0.0,6.48
943,2024-08-29,West,Consumer,Furniture,Chairs,7,2723.39,0.0,338.73
2627,2024-08-29,North,Home Office,Office Supplies,Paper,6,262.1,0.0,17.52
1776,2024-08-29,North,Home Office,Furniture,Tables,4,677.87,0.0,219.21
356,2024-08-29,East,Corporate,Office Supplies,Storage,8,270.99,0.0,58.68
1476,2024-08-30,South,Consumer,Office Supplies,Paper,5,295.37,0.1,18.16
195,2024-08-30,South,Corporate,Technology,Accessories,1,424.47,0.3,9.0
488,2024-08-30,West,Consumer,Technology,Machines,3,1448.79,0.0,366.63
2380,2024-08-30,West,Consumer,Office Supplies,Binders,3,95.18,0.0,29.1
1889,2024-08-30,East,Home Office,Furniture,Bookcases,2,414.9,0.0,97.7
240,2024-08-31,South,Home Office,Office Supplies,Storage,7,197.98,0.1,41.36
2416,2024-08-31,North,Consumer,Technology,Phones,8,4654.17,0.15,900.93
331,2024-08-31,North,Consumer,Office Supplies,Storage,9,223.57,0.2,39.67
1237,2024-08-31,West,Consumer,Office Supplies,Binders,6,148.86,0.1,21.07
2057,2024-09-01,North,Consumer,Office Supplies,Paper,9,308.27,0.3,-4.92
2879,2024-09-01,North,Corporate,Office Supplies,Paper,8,220.96,0.2,9.5
1558,2024-09-01,East,Consumer,Furniture,Bookcases,4,1506.9,0.0,362.21
1306,2024-09-01,South,Consumer,Furniture,Bookcases,5,942.02,0.0,169.64
236,2024-09-01,North,Corporate,Technology,Phones,4,1277.59,0.0,155.86
2882,2024-09-01,East,Consumer,Technology,Phones,4,1240.43,0.2,-7.59
1328,2024-09-01,North,Consumer,Office Supplies,Binders,2,105.41,0.15,-1.4
735,2024-09-01,South,Consumer,Furniture,Bookcases,1,292.77,0.0,37.28
263,2024-09-02,South,Home Office,Technology,Accessories,3,1714.19,0.15,289.71
2901,2024-09-02,South,Consumer,Furniture,Bookcases,8,2418.48,0.1,451.23
2795,2024-09-03,South,Home Office,Technology,Phones,3,1201.04,0.2,157.94
2185,2024-09-03,North,Corporate,Office Supplies,Binders,7,189.49,0.0,38.28
562,2024-09-03,North,Consumer,Technology,Accessories,4,2499.54,0.3,-107.9
477,2024-09-03,West,Home Office,Technology,Phones,7,3173.31,0.1,129.31
1395,2024-09-04,South,Home Office,Technology,Machines,6,2292.64,0.0,767.3
504,2024-09-04,North,Corporate,Office Supplies,Paper,7,213.74,0.0,20.02
416,2024-09-04,South,Consumer,Office Supplies,Binders,8,301.39,0.1,73.7
2972,2024-09-04,South,Corporate,Furniture,Chairs,7,2695.38,0.15,-57.42
1132,2024-09-04,East,Consumer,Furniture,Bookcases,6,1905.48,0.1,513.16
1000,2024-09-04,South,Corporate,Office Supplies,Storage,9,379.52,0.0,114.11
2969,2024-09-04,North,Corporate,Furniture,Chairs,7,2075.39,0.0,280.65
208,2024-09-04,West,Corporate,Furniture,Chairs,7,1689.79,0.0,237.83
130,2024-09-04,South,Corporate,Furniture,Chairs,5,1133.47,0.0,267.94
923,2024-09-04,West,Consumer,Furniture,Bookcases,1,338.25,0.2,-20.35
2062,2024-09-05,East,Corporate,Office Supplies,Storage,6,356.13,0.0,117.55
2262,2024-09-05,North,Corporate,Office Supplies,Binders,7,283.78,0.1,43.43
8,2024-09-06,North,Consumer,Technology,Phones,3,790.91,0.2,99.05
2418,2024-09-06,South,Home Office,Furniture,Tables,9,1638.18,0.0,391.64
1443,2024-09-06,East,Consumer,Furniture,Tables,5,1716.64,0.1,30.43
1112,2024-09-07,South,Consumer,Furniture,Tables,8,2008.44,0.1,565.53
1049,2024-09-07,East,Consumer,Technology,Machines,9,5594.11,0.2,1125.5
1115,2024-09-07,South,Consumer,Technology,Machines,8,2426.37,0.15,-20.1
1037,2024-09-07,South,Consumer,Furniture,Tables,1,258.2,0.1,17.99
1381,2024-09-07,South,Corporate,Furniture,Tables,9,2869.78,0.0,731.58
1890,2024-09-08,South,Corporate,Furniture,Tables,3,496.25,0.3,-6.89
2561,2024-09-08,East,Consumer,Furniture,Tables,9,2109.48,0.0,721.19
525,2024-09-08,West,Consumer,Technology,Phones,3,1574.66,0.0,189.93
1560,2024-09-08,East,Home Office,Office Supplies,Paper,6,249.22,0.1,39.2
2807,2024-09-09,West,Home Office,Office Supplies,Storage,8,472.61,0.0,161.49
2277,2024-09-09,West,Home Office,Office Supplies,Storage,7,189.44,0.3,5.52
2817,2024-09-09,North,Corporate,Office Supplies,Binders,1,33.65,0.15,4.49
2971,2024-09-10,West,Home Office,Office Supplies,Paper,5,277.8,0.2,57.28
2772,2024-09-10,North,Home Office,Office Supplies,Binders,2,65.05,0.2,7.13
2824,2024-09-10,South,Consumer,Technology,Phones,7,4222.82,0.1,46.0
2112,2024-09-10,East,Home Office,Office Supplies,Paper,7,213.53,0.2,-0.68
1448,2024-09-11,North,Corporate,Office Supplies,Storage,9,566.47,0.0,179.45
420,2024-09-11,West,Home Office,Furniture,Chairs,2,513.55,0.1,133.21
165,2024-09-11,North,Consumer,Technology,Phones,1,456.36,0.15,77.88
1970,2024-09-11,South,Corporate,Office Supplies,Paper,6,271.67,0.0,64.54
2520,2024-09-12,North,Consumer,Office Supplies,Paper,7,181.95,0.15,12.55
2234,2024-09-12,West,Home Office,Furniture,Tables,7,1618.01,0.1,376.13
2089,2024-09-13,West,Corporate,Furniture,Bookcases,9,1702.31,0.0,558.43
1135,2024-09-13,North,Corporate,Technology,Phones,8,3948.98,0.15,1010.18
918,2024-09-14,South,Home Office,Furniture,Bookcases,3,831.4,0.1,59.2
2549,2024-09-14,South,Corporate,Office Supplies,Paper,4,186.19,0.15,19.47
1356,2024-09-14,North,Consumer,Furniture,Tables,5,1185.09,0.0,271.04
1923,2024-09-14,North,Home Office,Office Supplies,Paper,3,91.03,0.1,18.67
1061,2024-09-14,East,Corporate,Technology,Phones,2,727.81,0.1,137.64
1114,2024-09-14,South,Consumer,Office Supplies,Storage,5,197.29,0.0,45.1
2695,2024-09-14,North,Home Office,Furniture,Tables,7,1774.34,0.15,79.31
885,2024-09-14,East,Corporate,Office Supplies,Storage,2,106.43,0.1,28.66
2477,2024-09-15,West,Consumer,Furniture,Chairs,2,447.46,0.0,125.98
267,2024-09-15,West,Consumer,Office Supplies,Storage,2,61.67,0.1,13.39
779,2024-09-15,North,Home Office,Office Supplies,Binders,4,136.16,0.15,22.49
1258,2024-09-15,West,Consumer,Office Supplies,Binders,6,275.46,0.1,4.77
938,2024-09-15,West,Consumer,Office Supplies,Binders,1,46.6,0.2,-1.62
289,2024-09-16,East,Consumer,Office Supplies,Binders,6,196.49,0.0,17.55
864,2024-09-16,East,Home Office,Office Supplies,Paper,3,133.17,0.1,13.02
209,2024-09-16,West,Home Office,Technology,Accessories,2,754.12,0.2,-17.74
2773,2024-09-16,North,Consumer,Technology,Machines,6,3798.26,0.0,402.16
2486,2024-09-16,East,Corporate,Office Supplies,Storage,2,87.08,0.1,22.56
2963,2024-09-17,North,Home Office,Technology,Phones,7,3655.59,0.1,4.55
2587,2024-09-17,South,Consumer,Furniture,Chairs,8,1679.3,0.3,276.17
528,2024-09-17,North,Home Office,Technology,Accessories,5,2010.94,0.3,-85.11
371,2024-09-17,North,Corporate,Office Supplies,Storage,3,186.29,0.0,46.33
2292,2024-09-18,West,Consumer,Office Supplies,Paper,3,183.91,0.1,29.12
1095,2024-09-18,West,Home Office,Office Supplies,Paper,7,298.12,0.1,5.52
2918,2024-09-19,South,Home Office,Furniture,Bookcases,4,1374.72,0.15,316.7
287,2024-09-19,North,Home Office,Furniture,Tables,3,693.25,0.15,95.86
2747,2024-09-19,South,Home Office,Technology,Machines,9,4278.79,0.0,934.76
180,2024-09-19,South,Corporate,Office Supplies,Paper,5,228.33,0.15,11.89
2431,2024-09-19,North,Home Office,Technology,Machines,7,2917.68,0.0,539.74
1430,2024-09-20,North,Corporate,Furniture,Tables,7,1415.46,0.0,272.57
2861,2024-09-20,North,Consumer,Technology,Phones,7,4215.9,0.1,249.27
2095,2024-09-20,North,Consumer,Office Supplies,Paper,9,314.74,0.3,22.98
1321,2024-09-20,West,Corporate,Office Supplies,Binders,9,307.32,0.2,63.68
2472,2024-09-20,West,Corporate,Office Supplies,Binders,5,304.35,0.3,33.37
2294,2024-09-21,North,Corporate,Technology,Phones,9,4475.38,0.0,852.35
2775,2024-09-21,West,Home Office,Office Supplies,Storage,1,25.68,0.0,3.56
1182,2024-09-21,North,Corporate,Office Supplies,Storage,6,290.95,0.15,24.74
1945,2024-09-21,North,Home Office,Technology,Phones,5,1346.89,0.0,165.53
2641,2024-09-21,North,Corporate,Furniture,Bookcases,1,232.34,0.1,39.66
2200,2024-09-22,East,Home Office,Furniture,Tables,8,1337.56,0.0,442.22
1858,2024-09-22,East,Consumer,Technology,Accessories,6,1655.28,0.15,427.77
2598,2024-09-22,West,Corporate,Office Supplies,Storage,8,467.78,0.0,124.4
892,2024-09-22,North,Consumer,Office Supplies,Paper,5,143.59,0.15,6.46
1284,2024-09-23,East,Consumer,Office Supplies,Binders,9,557.39,0.0,195.03
2814,2024-09-23,West,Consumer,Office Supplies,Binders,6,377.51,0.0,23.09
1965,2024-09-23,East,Home Office,Technology,Accessories,3,992.44,0.1,181.9
2172,2024-09-24,West,Corporate,Technology,Accessories,2,1212.92,0.3,179.66
2299,2024-09-24,East,Corporate,Technology,Accessories,8,3658.78,0.0,1147.35
179,2024-09-24,South,Consumer,Technology,Machines,6,3239.95,0.3,316.27
2280,2024-09-24,East,Home Office,Technology,Accessories,4,2249.99,0.15,414.35
2684,2024-09-24,North,Consumer,Technology,Machines,4,2558.76,0.2,325.15
592,2024-09-25,North,Home Office,Furniture,Bookcases,1,346.68,0.1,27.74
1335,2024-09-25,North,Consumer,Furniture,Tables,6,1378.01,0.1,248.35
610,2024-09-25,East,Home Office,Office Supplies,Paper,2,61.54,0.0,3.27
444,2024-09-25,North,Corporate,Office Supplies,Paper,2,78.16,0.1,1.09
831,2024-09-25,East,Consumer,Office Supplies,Paper,3,138.49,0.3,-17.78
1562,2024-09-26,North,Home Office,Technology,Machines,8,2241.58,0.15,385.19
1818,2024-09-26,East,Consumer,Technology,Accessories,8,2957.6,0.1,448.63
1078,2024-09-26,South,Home Office,Office Supplies,Storage,8,452.08,0.15,27.91
429,2024-09-27,West,Corporate,Office Supplies,Binders,1,28.85,0.0,6.05
2893,2024-09-28,North,Home Office,Office Supplies,Storage,1,47.51,0.0,10.76
1902,2024-09-28,South,Consumer,Office Supplies,Paper,6,162.46,0.0,42.99
2173,2024-09-28,North,Consumer,Office Supplies,Paper,6,229.58,0.0,54.63
2221,2024-09-28,East,Home Office,Office Supplies,Paper,6,195.66,0.15,-2.85
1040,2024-09-28,East,Home Office,Technology,Accessories,8,4925.15,0.0,1036.92
2791,2024-09-29,South,Consumer,Office Supplies,Paper,2,62.02,0.0,19.49
2606,2024-09-29,North,Home Office,Office Supplies,Paper,8,253.34,0.3,10.04
643,2024-09-29,West,Home Office,Technology,Machines,4,2083.72,0.2,77.06
220,2024-09-29,North,Home Office,Technology,Phones,5,1550.25,0.15,40.54
447,2024-09-29,North,Home Office,Technology,Machines,4,2170.32,0.1,125.31
2008,2024-09-29,South,Consumer,Office Supplies,Storage,7,374.0,0.0,58.28
2833,2024-09-30,North,Consumer,Furniture,Tables,9,2960.72,0.0,590.11
869,2024-09-30,North,Consumer,Technology,Phones,3,1794.12,0.3,109.65
374,2024-09-30,South,Home Office,Furniture,Bookcases,9,3196.24,0.15,482.04
2991,2024-10-01,North,Consumer,Office Supplies,Storage,9,320.71,0.0,23.91
314,2024-10-01,East,Home Office,Office Supplies,Paper,7,257.04,0.1,24.08
255,2024-10-01,North,Home Office,Furniture,Bookcases,3,507.6,0.0,109.24
1161,2024-10-01,West,Consumer,Technology,Phones,8,4598.47,0.0,355.95
169,2024-10-01,East,Home Office,Technology,Machines,5,1643.8,0.15,368.98
442,2024-10-02,North,Home Office,Office Supplies,Paper,6,184.74,0.0,32.47
258,2024-10-02,South,Consumer,Furniture,Tables,2,578.52,0.0,116.13
2071,2024-10-02,West,Corporate,Technology,Accessories,7,3768.1,0.0,1178.32
2793,2024-10-02,North,Home Office,Office Supplies,Paper,5,306.46,0.0,101.73
1378,2024-10-02,North,Consumer,Office Supplies,Paper,6,296.19,0.0,79.94
1973,2024-10-03,North,Consumer,Office Supplies,Paper,9,359.11,0.1,96.17
996,2024-10-03,West,Corporate,Office Supplies,Paper,7,254.46,0.0,73.66
2245,2024-10-03,West,Corporate,Office Supplies,Paper,4,111.67,0.15,14.51
214,2024-10-03,East,Corporate,Office Supplies,Storage,9,393.32,0.1,94.97
2399,2024-10-03,South,Consumer,Technology,Machines,6,3800.08,0.0,976.64
1218,2024-10-04,West,Corporate,Technology,Phones,7,1846.95,0.2,37.32
132,2024-10-04,West,Consumer,Office Supplies,Storage,2,64.43,0.0,22.2
1870,2024-10-04,East,Home Office,Office Supplies,Binders,2,50.94,0.0,14.24
1904,2024-10-04,North,Corporate,Technology,Phones,4,1149.32,0.15,79.46
1215,2024-10-05,West,Corporate,Office Supplies,Paper,2,105.08,0.0,6.72
2061,2024-10-05,West,Consumer,Furniture,Chairs,2,586.91,0.0,146.88
2138,2024-10-05,North,Consumer,Furniture,Bookcases,6,2237.5,0.1,599.53
744,2024-10-06,East,Consumer,Technology,Phones,7,3741.51,0.15,586.9
970,2024-10-06,East,Corporate,Furniture,Tables,3,1180.34,0.0,377.29
2998,2024-10-06,West,Consumer,Technology,Accessories,5,1370.06,0.1,323.8
841,2024-10-06,West,Home Office,Office Supplies,Storage,3,174.29,0.1,33.75
2441,2024-10-06,East,Consumer,Office Supplies,Binders,2,120.52,0.2,5.13
2526,2024-10-06,South,Consumer,Office Supplies,Storage,7,430.41,0.0,34.34
1325,2024-10-07,West,Home Office,Technology,Accessories,6,2818.63,0.15,668.85
1691,2024-10-07,West,Corporate,Furniture,Chairs,9,2101.14,0.1,-4.14
1053,2024-10-07,South,Home Office,Technology,Phones,3,748.15,0.0,157.9
957,2024-10-07,West,Corporate,Office Supplies,Binders,4,127.78,0.0,44.7
163,2024-10-07,West,Home Office,Technology,Accessories,3,986.83,0.1,170.06
2610,2024-10-08,East,Home Office,Technology,Accessories,3,1908.85,0.1,191.3
47,2024-10-08,East,Corporate,Furniture,Chairs,5,1958.02,0.1,184.41
2130,2024-10-09,North,Home Office,Office Supplies,Storage,6,263.85,0.1,3.54
2285,2024-10-09,North,Home Office,Office Supplies,Paper,6,330.86,0.0,63.69
103,2024-10-09,South,Consumer,Furniture,Bookcases,4,888.88,0.0,289.65
1086,2024-10-09,West,Corporate,Technology,Accessories,6,1690.76,0.0,277.23
617,2024-10-09,South,Home Office,Furniture,Chairs,3,1173.32,0.15,302.47
2031,2024-10-09,North,Corporate,Office Supplies,Paper,5,230.15,0.0,37.13
699,2024-10-09,West,Consumer,Office Supplies,Paper,2,79.22,0.0,19.89
2554,2024-10-09,South,Consumer,Office Supplies,Binders,6,194.6,0.0,23.4
2239,2024-10-09,West,Home Office,Office Supplies,Storage,1,45.95,0.1,7.66
2976,2024-10-10,North,Consumer,Technology,Phones,4,1336.1,0.1,141.06
1564,2024-10-10,South,Corporate,Office Supplies,Storage,4,134.45,0.0,43.62
186,2024-10-10,East,Home Office,Office Supplies,Binders,6,152.08,0.2,0.46
2451,2024-10-11,East,Corporate,Office Supplies,Binders,5,289.72,0.0,70.25
2900,2024-10-11,South,Home Office,Furniture,Tables,6,2206.35,0.0,634.32
992,2024-10-11,West,Corporate,Office Supplies,Storage,8,461.23,0.1,101.64
2209,2024-10-11,South,Home Office,Office Supplies,Paper,7,341.8,0.0,68.09
2532,2024-10-12,North,Consumer,Technology,Accessories,6,1548.38,0.0,443.8
2570,2024-10-13,South,Home Office,Furniture,Bookcases,4,1063.95,0.0,216.41
272,2024-10-13,South,Home Office,Office Supplies,Binders,6,274.61,0.0,72.18
641,2024-10-14,West,Home Office,Office Supplies,Paper,1,25.31,0.1,4.31
606,2024-10-14,West,Consumer,Office Supplies,Storage,5,279.69,0.15,4.79
2382,2024-10-14,East,Corporate,Technology,Machines,8,5032.41,0.15,717.23
2370,2024-10-14,South,Consumer,Technology,Accessories,8,4741.27,0.1,39.5
982,2024-10-15,South,Corporate,Office Supplies,Paper,9,259.48,0.1,19.79
2310,2024-10-15,North,Corporate,Office Supplies,Binders,3,73.96,0.0,14.54
395,2024-10-15,East,Corporate,Technology,Accessories,7,2140.0,0.15,-6.96
2038,2024-10-15,West,Consumer,Furniture,Chairs,4,1499.28,0.15,259.84
1417,2024-10-16,South,Corporate,Technology,Accessories,7,2666.81,0.1,-13.44
2076,2024-10-16,West,Corporate,Furniture,Bookcases,1,244.02,0.2,53.59
150,2024-10-16,North,Consumer,Office Supplies,Binders,1,59.81,0.15,11.74
2204,2024-10-16,North,Corporate,Technology,Machines,1,410.03,0.3,-32.76
2913,2024-10-16,West,Consumer,Technology,Accessories,1,430.9,0.1,82.13
2839,2024-10-16,South,Corporate,Furniture,Bookcases,8,2077.42,0.3,267.17
2655,2024-10-17,South,Corporate,Furniture,Chairs,7,2717.41,0.1,466.67
461,2024-10-17,South,Consumer,Office Supplies,Paper,4,246.22,0.0,47.43
686,2024-10-17,North,Home Office,Office Supplies,Storage,9,476.98,0.0,98.02
2287,2024-10-17,North,Corporate,Office Supplies,Binders,2,74.49,0.3,-1.74
426,2024-10-17,East,Home Office,Technology,Machines,3,918.6,0.15,110.79
2283,2024-10-18,North,Corporate,Office Supplies,Paper,1,61.87,0.0,4.3
622,2024-10-18,East,Consumer,Technology,Phones,8,2538.69,0.3,-18.76
1737,2024-10-18,West,Home Office,Office Supplies,Paper,1,56.77,0.15,13.56
433,2024-10-18,South,Consumer,Technology,Accessories,6,3239.89,0.2,-93.78
2218,2024-10-19,East,Corporate,Office Supplies,Binders,4,149.22,0.0,34.42
2385,2024-10-19,West,Home Office,Technology,Accessories,2,748.15,0.0,224.65
2135,2024-10-19,West,Consumer,Technology,Machines,2,994.91,0.0,86.53
597,2024-10-19,West,Home Office,Furniture,Chairs,3,949.24,0.1,253.4
432,2024-10-20,West,Corporate,Office Supplies,Binders,5,265.6,0.2,1.92
335,2024-10-20,South,Consumer,Office Supplies,Storage,5,129.74,0.0,8.2
486,2024-10-20,South,Consumer,Furniture,Bookcases,1,336.82,0.0,112.69
672,2024-10-20,West,Corporate,Office Supplies,Storage,4,161.4,0.1,26.74
1720,2024-10-20,North,Corporate,Technology,Phones,1,559.28,0.1,15.98
279,2024-10-20,West,Corporate,Technology,Machines,4,2377.74,0.2,45.62
247,2024-10-21,West,Consumer,Furniture,Bookcases,8,1792.72,0.3,207.28
1099,2024-10-21,West,Consumer,Office Supplies,Binders,2,127.11,0.3,-13.54
1524,2024-10-21,South,Consumer,Technology,Machines,9,2346.42,0.3,334.46
2756,2024-10-21,North,Home Office,Furniture,Bookcases,9,2953.49,0.0,541.42
645,2024-10-21,West,Consumer,Office Supplies,Storage,1,28.68,0.1,0.8
1798,2024-10-21,West,Home Office,Office Supplies,Storage,3,149.38,0.1,8.98
2450,2024-10-22,South,Consumer,Office Supplies,Binders,6,210.69,0.1,35.02
2201,2024-10-22,East,Home Office,Technology,Phones,2,1262.52,0.0,241.0
1406,2024-10-22,West,Home Office,Office Supplies,Storage,9,557.26,0.1,45.51
1141,2024-10-22,North,Home Office,Office Supplies,Paper,7,343.06,0.3,10.32
2605,2024-10-22,East,Corporate,Office Supplies,Binders,5,279.4,0.15,53.82
1173,2024-10-23,West,Home Office,Furniture,Bookcases,9,1977.94,0.1,100.25
2202,2024-10-23,East,Home Office,Technology,Phones,4,2023.33,0.3,-141.84
1865,2024-10-23,West,Corporate,Furniture,Bookcases,1,283.06,0.15,53.04
19,2024-10-23,North,Corporate,Technology,Phones,4,1669.41,0.1,299.48
2616,2024-10-23,South,Consumer,Technology,Machines,7,1864.35,0.0,322.05
933,2024-10-23,North,Consumer,Furniture,Tables,4,1580.65,0.0,293.46
2268,2024-10-23,North,Corporate,Furniture,Tables,5,1312.85,0.1,171.74
2312,2024-10-24,North,Home Office,Technology,Accessories,5,1764.02,0.15,6.82
2611,2024-10-24,North,Corporate,Office Supplies,Storage,8,342.62,0.3,-36.77
817,2024-10-24,East,Corporate,Technology,Phones,2,778.3,0.0,133.74
545,2024-10-24,North,Consumer,Office Supplies,Binders,7,444.13,0.2,6.41
373,2024-10-24,North,Home Office,Office Supplies,Storage,6,217.71,0.2,47.43
2393,2024-10-24,South,Home Office,Technology,Machines,1,532.27,0.3,5.79
2868,2024-10-25,South,Home Office,Office Supplies,Storage,9,318.09,0.3,2.82
192,2024-10-25,West,Home Office,Technology,Machines,3,1469.54,0.2,155.89
944,2024-10-25,South,Consumer,Technology,Machines,5,1382.97,0.1,82.25
2524,2024-10-25,North,Corporate,Office Supplies,Storage,7,309.46,0.0,105.49
544,2024-10-25,North,Corporate,Furniture,Chairs,9,1936.49,0.0,328.87
1357,2024-10-25,East,Consumer,Technology,Phones,8,1923.48,0.3,79.0
2183,2024-10-25,West,Home Office,Office Supplies,Storage,2,87.55,0.1,8.65
2803,2024-10-25,West,Home Office,Technology,Machines,8,3817.16,0.1,1099.88
1164,2024-10-25,West,Corporate,Office Supplies,Paper,8,349.37,0.1,71.5
497,2024-10-25,North,Consumer,Technology,Machines,9,2535.9,0.1,378.97
17,2024-10-25,North,Consumer,Office Supplies,Binders,5,138.77,0.3,9.82
2731,2024-10-25,West,Home Office,Technology,Machines,9,4402.15,0.0,938.19
1045,2024-10-26,North,Corporate,Furniture,Tables,8,1637.94,0.1,119.73
1501,2024-10-26,South,Consumer,Technology,Accessories,5,1785.67,0.15,97.58
402,2024-10-26,North,Home Office,Technology,Phones,1,257.24,0.0,43.13
2584,2024-10-26,North,Corporate,Technology,Phones,9,4399.02,0.3,-81.49
2098,2024-10-26,South,Consumer,Office Supplies,Binders,6,263.46,0.1,23.13
1174,2024-10-27,East,Home Office,Office Supplies,Binders,2,119.61,0.15,7.59
1806,2024-10-27,South,Corporate,Technology,Machines,3,930.47,0.1,109.45
2996,2024-10-27,North,Home Office,Office Supplies,Storage,7,219.27,0.2,-5.61
879,2024-10-27,North,Corporate,Office Supplies,Paper,9,255.34,0.15,-2.63
2842,2024-10-27,East,Home Office,Office Supplies,Storage,7,283.94,0.15,63.11
2321,2024-10-27,North,Home Office,Furniture,Bookcases,9,3235.93,0.1,389.92
1302,2024-10-27,North,Corporate,Technology,Phones,3,1184.75,0.1,170.72
1149,2024-10-27,East,Consumer,Furniture,Chairs,1,289.89,0.15,73.49
827,2024-10-28,West,Consumer,Technology,Phones,3,1778.96,0.1,49.91
1616,2024-10-28,East,Home Office,Office Supplies,Paper,1,44.13,0.3,5.05
1641,2024-10-28,North,Consumer,Technology,Accessories,3,1782.53,0.0,598.78
692,2024-10-29,South,Consumer,Technology,Accessories,2,808.23,0.0,70.71
2015,2024-10-30,East,Home Office,Furniture,Chairs,4,1407.19,0.0,273.8
2127,2024-10-30,West,Corporate,Technology,Accessories,4,1686.14,0.2,335.17
1062,2024-10-30,South,Consumer,Office Supplies,Binders,4,142.45,0.1,-0.41
2983,2024-10-31,South,Corporate,Technology,Phones,7,4400.18,0.0,604.08
2343,2024-10-31,South,Corporate,Office Supplies,Paper,7,214.6,0.0,20.52
321,2024-10-31,North,Home Office,Office Supplies,Storage,9,358.67,0.0,33.37
431,2024-10-31,West,Corporate,Technology,Phones,6,1900.86,0.15,279.45
1629,2024-10-31,North,Home Office,Office Supplies,Paper,7,236.91,0.1,27.33
1196,2024-10-31,West,Home Office,Technology,Machines,8,3326.9,0.1,376.86
2723,2024-10-31,East,Consumer,Furniture,Bookcases,5,1186.38,0.3,98.21
2279,2024-10-31,North,Corporate,Technology,Accessories,2,501.07,0.3,-23.22
1497,2024-10-31,West,Corporate,Office Supplies,Paper,7,414.24,0.0,143.49
2134,2024-10-31,South,Home Office,Office Supplies,Storage,6,236.17,0.1,33.22
225,2024-11-02,North,Consumer,Office Supplies,Paper,2,79.83,0.2,-1.5
1792,2024-11-02,North,Corporate,Office Supplies,Binders,9,533.01,0.1,132.3
2835,2024-11-02,South,Consumer,Office Supplies,Binders,6,245.53,0.1,13.49
663,2024-11-02,North,Home Office,Furniture,Bookcases,1,337.25,0.0,28.75
2388,2024-11-02,West,Consumer,Furniture,Bookcases,6,1906.29,0.15,388.01
829,2024-11-02,South,Home Office,Office Supplies,Storage,6,326.89,0.1,79.18
194,2024-11-02,North,Home Office,Furniture,Bookcases,2,470.95,0.1,25.19
1626,2024-11-02,North,Home Office,Office Supplies,Binders,1,54.11,0.0,14.5
2463,2024-11-02,West,Corporate,Technology,Machines,4,1017.57,0.0,235.72
1254,2024-11-03,East,Consumer,Office Supplies,Binders,6,285.67,0.1,69.6
286,2024-11-03,South,Consumer,Furniture,Bookcases,7,1492.8,0.2,-58.44
1799,2024-11-03,North,Consumer,Office Supplies,Storage,6,338.87,0.2,41.62
2199,2024-11-03,North,Corporate,Office Supplies,Paper,7,232.43,0.1,34.13
988,2024-11-03,West,Consumer,Furniture,Bookcases,5,1038.3,0.15,64.05
770,2024-11-04,North,Corporate,Technology,Machines,8,5085.92,0.0,1253.54
110,2024-11-05,South,Consumer,Technology,Accessories,8,2515.63,0.0,771.06
499,2024-11-05,West,Corporate,Technology,Accessories,3,781.4,0.0,154.41
2352,2024-11-05,South,Home Office,Office Supplies,Storage,9,522.7,0.15,20.45
1650,2024-11-05,West,Consumer,Furniture,Bookcases,3,1006.95,0.0,226.1
2569,2024-11-06,South,Home Office,Technology,Accessories,1,245.97,0.15,50.17
2237,2024-11-06,East,Home Office,Office Supplies,Storage,1,25.2,0.0,8.46
670,2024-11-06,East,Corporate,Office Supplies,Binders,2,108.51,0.15,11.76
1684,2024-11-06,East,Home Office,Technology,Machines,5,2872.74,0.15,634.67
536,2024-11-06,North,Corporate,Office Supplies,Paper,3,167.83,0.0,47.7
1938,2024-11-06,West,Corporate,Office Supplies,Storage,1,60.9,0.0,15.62
2190,2024-11-06,South,Corporate,Furniture,Bookcases,4,1498.88,0.15,331.79
697,2024-11-06,South,Corporate,Technology,Machines,2,1260.2,0.3,-82.44
1349,2024-11-06,East,Corporate,Technology,Machines,8,4931.65,0.0,823.03
188,2024-11-07,West,Corporate,Technology,Phones,2,1078.4,0.2,153.19
1316,2024-11-07,West,Corporate,Technology,Accessories,9,4180.03,0.0,710.9
748,2024-11-07,North,Home Office,Office Supplies,Binders,9,435.97,0.1,12.91
2338,2024-11-08,North,Home Office,Office Supplies,Paper,1,52.57,0.0,5.41
1759,2024-11-08,West,Corporate,Technology,Accessories,7,4183.84,0.0,1439.65
1214,2024-11-08,South,Consumer,Technology,Machines,6,2042.37,0.15,412.2
2894,2024-11-09,South,Consumer,Technology,Machines,9,4709.8,0.2,438.69
2931,2024-11-09,North,Corporate,Office Supplies,Storage,6,337.7,0.0,94.57
2921,2024-11-10,North,Consumer,Office Supplies,Storage,8,437.91,0.0,88.35
1608,2024-11-11,West,Home Office,Furniture,Tables,3,849.13,0.3,63.16
2874,2024-11-11,North,Consumer,Office Supplies,Storage,1,56.11,0.15,9.99
304,2024-11-11,South,Corporate,Office Supplies,Binders,8,292.88,0.0,70.21
2049,2024-11-11,North,Consumer,Furniture,Chairs,4,1350.08,0.0,346.0
837,2024-11-12,South,Home Office,Office Supplies,Paper,8,376.69,0.3,48.97
36,2024-11-12,East,Home Office,Technology,Machines,9,3262.73,0.15,306.45
160,2024-11-12,North,Corporate,Technology,Phones,9,2737.32,0.15,37.71
384,2024-11-12,East,Home Office,Technology,Phones,9,4214.74,0.1,1047.88
2174,2024-11-12,East,Corporate,Technology,Phones,6,2583.86,0.15,288.52
413,2024-11-12,East,Corporate,Furniture,Chairs,1,243.02,0.15,14.98
1116,2024-11-13,West,Home Office,Office Supplies,Storage,5,307.27,0.0,55.72
1953,2024-11-13,East,Home Office,Office Supplies,Storage,7,220.99,0.2,1.82
2634,2024-11-13,East,Consumer,Office Supplies,Storage,2,82.98,0.0,20.99
191,2024-11-14,West,Corporate,Office Supplies,Storage,8,391.6,0.15,-11.09
223,2024-11-14,North,Consumer,Office Supplies,Paper,7,249.61,0.0,30.31
127,2024-11-14,South,Consumer,Technology,Accessories,3,1862.96,0.0,584.6
1091,2024-11-15,South,Corporate,Office Supplies,Binders,1,32.28,0.3,3.7
1331,2024-11-15,South,Home Office,Technology,Accessories,9,4835.88,0.0,330.54
390,2024-11-15,North,Corporate,Office Supplies,Storage,7,379.28,0.0,80.22
1857,2024-11-15,West,Corporate,Furniture,Tables,7,1783.15,0.15,118.55
2740,2024-11-15,West,Home Office,Office Supplies,Storage,9,491.61,0.2,-15.99
2160,2024-11-15,East,Consumer,Office Supplies,Paper,8,426.65,0.1,30.5
662,2024-11-15,North,Consumer,Office Supplies,Binders,1,35.48,0.0,5.57
758,2024-11-15,North,Consumer,Office Supplies,Paper,7,180.9,0.1,16.56
1811,2024-11-16,South,Corporate,Office Supplies,Storage,9,299.35,0.3,-36.43
2593,2024-11-16,East,Home Office,Furniture,Tables,3,522.36,0.0,51.23
370,2024-11-16,East,Home Office,Technology,Accessories,1,507.74,0.0,62.49
2797,2024-11-16,East,Home Office,Technology,Phones,7,4089.67,0.3,431.02
1743,2024-11-16,South,Home Office,Technology,Phones,8,3639.9,0.0,386.54
1708,2024-11-17,East,Home Office,Office Supplies,Binders,7,422.49,0.2,93.7
2194,2024-11-17,East,Home Office,Office Supplies,Storage,1,52.35,0.0,4.21
40,2024-11-17,North,Home Office,Furniture,Bookcases,1,175.31,0.2,15.66
1681,2024-11-17,North,Home Office,Furniture,Bookcases,4,1286.88,0.1,205.45
1960,2024-11-17,East,Consumer,Technology,Machines,8,3035.22,0.2,422.78
316,2024-11-18,West,Consumer,Furniture,Tables,8,3171.61,0.0,742.77
1584,2024-11-18,West,Consumer,Office Supplies,Paper,8,356.49,0.0,95.92
2970,2024-11-18,East,Consumer,Technology,Phones,6,2543.84,0.0,297.59
2051,2024-11-18,East,Corporate,Office Supplies,Binders,2,57.96,0.1,6.05
1433,2024-11-18,South,Consumer,Furniture,Bookcases,4,636.68,0.1,137.74
733,2024-11-19,East,Home Office,Office Supplies,Paper,7,262.59,0.0,32.22
540,2024-11-19,West,Consumer,Office Supplies,Paper,1,56.92,0.0,13.98
1180,2024-11-19,East,Corporate,Technology,Phones,6,1648.19,0.0,146.2
1540,2024-11-19,East,Home Office,Office Supplies,Paper,2,117.69,0.3,17.42
1492,2024-11-19,East,Corporate,Furniture,Chairs,3,525.66,0.1,66.05
1888,2024-11-19,North,Consumer,Furniture,Chairs,7,1733.09,0.3,-108.03
498,2024-11-20,South,Corporate,Office Supplies,Binders,3,128.93,0.0,28.85
2401,2024-11-20,West,Consumer,Furniture,Tables,2,629.85,0.0,137.43
989,2024-11-20,East,Consumer,Furniture,Tables,3,789.21,0.0,67.17
1828,2024-11-20,West,Home Office,Office Supplies,Storage,4,229.38,0.0,54.87
2428,2024-11-20,East,Consumer,Technology,Machines,4,1559.92,0.0,518.24
1547,2024-11-20,North,Home Office,Technology,Accessories,6,1923.47,0.2,50.79
2830,2024-11-20,North,Consumer,Technology,Accessories,2,1114.76,0.0,302.69
1039,2024-11-21,South,Home Office,Office Supplies,Storage,2,79.82,0.1,20.28
142,2024-11-21,East,Consumer,Furniture,Bookcases,4,1539.65,0.0,412.19
502,2024-11-21,North,Consumer,Technology,Phones,8,3767.53,0.1,480.39
1985,2024-11-21,South,Consumer,Office Supplies,Binders,4,208.46,0.15,15.24
1786,2024-11-21,West,Consumer,Furniture,Tables,6,1385.2,0.0,95.57
412,2024-11-22,East,Consumer,Furniture,Bookcases,2,742.24,0.1,111.61
866,2024-11-22,South,Corporate,Furniture,Tables,7,2211.13,0.0,224.25
925,2024-11-22,East,Consumer,Office Supplies,Storage,6,270.67,0.3,33.29
198,2024-11-22,North,Corporate,Office Supplies,Binders,6,283.13,0.1,77.75
1748,2024-11-23,West,Corporate,Furniture,Bookcases,4,1008.27,0.0,140.29
2573,2024-11-23,North,Home Office,Office Supplies,Binders,9,536.97,0.2,94.35
1612,2024-11-23,South,Consumer,Office Supplies,Storage,9,488.05,0.0,69.79
587,2024-11-23,East,Corporate,Furniture,Chairs,3,816.96,0.0,217.99
2460,2024-11-23,East,Corporate,Office Supplies,Paper,8,314.8,0.15,73.65
1990,2024-11-23,East,Home Office,Office Supplies,Binders,9,486.59,0.1,62.25
1341,2024-11-23,South,Corporate,Furniture,Tables,5,1525.04,0.0,149.44
549,2024-11-25,South,Consumer,Office Supplies,Paper,4,192.69,0.1,22.2
1860,2024-11-25,East,Consumer,Furniture,Bookcases,9,1961.41,0.15,423.42
823,2024-11-26,West,Consumer,Technology,Phones,6,2105.82,0.1,416.62
1083,2024-11-26,West,Corporate,Office Supplies,Paper,7,426.82,0.1,70.38
2638,2024-11-26,South,Home Office,Office Supplies,Storage,7,276.59,0.0,87.56
2823,2024-11-26,East,Corporate,Technology,Phones,5,3078.47,0.1,208.46
1482,2024-11-27,West,Home Office,Office Supplies,Storage,7,436.19,0.1,110.18
464,2024-11-27,North,Consumer,Office Supplies,Binders,2,115.16,0.15,16.64
1593,2024-11-28,South,Home Office,Office Supplies,Storage,5,316.48,0.0,34.84
700,2024-11-28,West,Consumer,Office Supplies,Binders,2,57.69,0.0,18.62
403,2024-11-28,West,Home Office,Technology,Phones,1,443.26,0.1,59.1
2693,2024-11-28,North,Corporate,Furniture,Bookcases,3,743.51,0.1,25.24
2718,2024-11-28,West,Corporate,Furniture,Bookcases,6,1400.13,0.0,214.89
211,2024-11-29,North,Consumer,Office Supplies,Paper,1,42.38,0.0,12.57
559,2024-11-29,South,Home Office,Office Supplies,Storage,8,223.73,0.1,27.76
881,2024-11-29,West,Consumer,Technology,Phones,3,1285.93,0.15,117.94
156,2024-11-29,South,Corporate,Office Supplies,Storage,7,239.37,0.15,-4.07
1647,2024-11-30,East,Home Office,Furniture,Tables,3,865.1,0.3,-63.97
2467,2024-11-30,North,Consumer,Technology,Machines,4,1046.25,0.0,284.98
1845,2024-11-30,West,Consumer,Technology,Machines,1,449.64,0.0,85.67
1618,2024-11-30,North,Home Office,Technology,Accessories,6,2504.83,0.2,-117.72
38,2024-11-30,West,Consumer,Office Supplies,Binders,8,311.86,0.0,55.87
1262,2024-11-30,East,Home Office,Technology,Accessories,4,970.39,0.0,215.34
2225,2024-11-30,East,Corporate,Office Supplies,Binders,6,348.03,0.0,75.28
358,2024-11-30,East,Home Office,Office Supplies,Binders,4,199.9,0.15,39.9
6,2024-12-01,South,Consumer,Furniture,Chairs,8,1345.34,0.0,204.65
3000,2024-12-01,South,Corporate,Furniture,Bookcases,7,1237.45,0.15,265.74
2636,2024-12-01,East,Consumer,Office Supplies,Binders,6,305.38,0.0,45.02
1186,2024-12-01,East,Corporate,Office Supplies,Paper,1,46.24,0.0,2.65
1334,2024-12-02,South,Corporate,Office Supplies,Storage,8,195.54,0.0,68.02
2319,2024-12-02,South,Home Office,Technology,Phones,8,4431.48,0.0,728.19
86,2024-12-02,East,Consumer,Office Supplies,Storage,7,414.19,0.15,51.4
74,2024-12-03,East,Home Office,Furniture,Chairs,5,1957.56,0.15,480.06
2432,2024-12-03,North,Corporate,Furniture,Chairs,8,2942.26,0.0,346.04
2469,2024-12-03,South,Home Office,Office Supplies,Storage,2,107.65,0.1,20.84
2640,2024-12-03,West,Home Office,Furniture,Tables,6,2039.33,0.1,13.0
2045,2024-12-04,West,Consumer,Furniture,Bookcases,9,2381.55,0.0,472.44
705,2024-12-04,South,Corporate,Furniture,Chairs,2,727.96,0.1,34.83
2737,2024-12-04,South,Consumer,Technology,Phones,1,481.16,0.0,86.55
455,2024-12-04,North,Consumer,Furniture,Chairs,5,975.82,0.3,-62.81
1680,2024-12-04,South,Home Office,Technology,Phones,9,4135.39,0.1,15.53
788,2024-12-04,South,Consumer,Office Supplies,Storage,3,134.45,0.2,-9.19
2785,2024-12-04,South,Home Office,Furniture,Tables,4,1465.42,0.1,257.45
2902,2024-12-04,South,Consumer,Technology,Accessories,6,3293.57,0.3,428.77
1503,2024-12-05,South,Consumer,Technology,Machines,7,3105.21,0.3,512.25
1340,2024-12-05,North,Corporate,Office Supplies,Paper,8,308.65,0.15,-1.09
1673,2024-12-05,South,Corporate,Office Supplies,Binders,2,68.87,0.2,8.49
301,2024-12-06,West,Consumer,Office Supplies,Paper,5,197.75,0.0,15.52
1713,2024-12-07,East,Home Office,Furniture,Chairs,4,1202.15,0.1,135.1
1268,2024-12-07,South,Corporate,Office Supplies,Paper,1,59.28,0.1,9.88
1944,2024-12-07,North,Corporate,Furniture,Bookcases,9,1823.14,0.0,176.33
2243,2024-12-08,West,Home Office,Office Supplies,Storage,6,368.1,0.0,40.12
2862,2024-12-08,East,Corporate,Furniture,Chairs,5,1573.69,0.15,-52.41
2474,2024-12-08,East,Home Office,Furniture,Tables,4,1222.94,0.1,254.03
717,2024-12-09,East,Consumer,Office Supplies,Storage,1,45.25,0.0,15.21
2937,2024-12-09,West,Corporate,Office Supplies,Storage,2,127.97,0.15,32.31
743,2024-12-09,West,Corporate,Technology,Machines,8,4068.17,0.0,797.09
1265,2024-12-09,South,Home Office,Technology,Phones,1,407.82,0.1,27.28
2759,2024-12-10,North,Corporate,Furniture,Bookcases,3,841.32,0.1,196.8
183,2024-12-10,South,Corporate,Technology,Phones,6,2719.8,0.1,583.32
2776,2024-12-10,South,Corporate,Technology,Accessories,8,3138.36,0.0,1089.35
1167,2024-12-10,South,Corporate,Furniture,Bookcases,7,2718.04,0.1,152.21
935,2024-12-10,West,Home Office,Furniture,Bookcases,4,868.34,0.15,-34.32
226,2024-12-10,South,Home Office,Furniture,Chairs,1,277.65,0.1,73.07
1511,2024-12-10,North,Home Office,Office Supplies,Paper,4,220.29,0.0,13.62
1411,2024-12-10,East,Home Office,Technology,Phones,6,1748.41,0.0,527.19
253,2024-12-11,East,Corporate,Furniture,Tables,1,255.19,0.1,69.19
2079,2024-12-11,North,Consumer,Office Supplies,Binders,4,185.07,0.0,22.77
1424,2024-12-11,South,Corporate,Furniture,Chairs,4,861.13,0.0,162.99
1520,2024-12-11,East,Corporate,Office Supplies,Storage,6,284.97,0.0,81.79
2252,2024-12-12,North,Corporate,Office Supplies,Paper,3,144.73,0.0,41.11
1104,2024-12-12,West,Consumer,Furniture,Tables,2,593.41,0.2,-28.67
1375,2024-12-13,East,Corporate,Furniture,Tables,4,1050.12,0.15,105.11
895,2024-12-14,North,Corporate,Technology,Accessories,3,763.45,0.1,154.68
749,2024-12-14,South,Consumer,Technology,Accessories,3,1174.02,0.15,-12.86
1282,2024-12-14,South,Consumer,Office Supplies,Binders,1,49.86,0.0,13.72
1871,2024-12-14,North,Corporate,Office Supplies,Storage,1,36.3,0.1,9.79
635,2024-12-14,North,Home Office,Office Supplies,Paper,1,29.02,0.0,9.16
1800,2024-12-14,North,Consumer,Office Supplies,Paper,9,229.97,0.3,-26.7
2503,2024-12-15,West,Home Office,Technology,Machines,9,2327.91,0.0,363.44
964,2024-12-15,South,Corporate,Furniture,Tables,5,877.78,0.2,91.91
2117,2024-12-15,East,Home Office,Technology,Phones,6,2165.22,0.2,345.46
1683,2024-12-16,East,Corporate,Furniture,Chairs,5,1324.3,0.0,447.5
1826,2024-12-16,North,Home Office,Furniture,Bookcases,4,1092.41,0.0,271.21
1768,2024-12-17,North,Home Office,Furniture,Tables,4,672.56,0.0,39.12
759,2024-12-17,West,Home Office,Office Supplies,Storage,9,372.26,0.2,75.08
1634,2024-12-18,West,Consumer,Office Supplies,Paper,3,180.81,0.3,-14.6
569,2024-12-18,South,Corporate,Office Supplies,Storage,4,130.5,0.2,-0.64
1969,2024-12-19,South,Corporate,Furniture,Bookcases,3,921.19,0.1,12.55
867,2024-12-19,South,Corporate,Furniture,Bookcases,3,1069.84,0.3,143.34
89,2024-12-20,North,Home Office,Furniture,Tables,6,1448.52,0.0,157.53
303,2024-12-20,South,Corporate,Technology,Machines,3,1694.97,0.0,240.22
2177,2024-12-20,East,Home Office,Technology,Machines,2,1153.98,0.0,332.81
1288,2024-12-21,South,Consumer,Technology,Phones,8,2338.23,0.0,356.03
1769,2024-12-21,West,Corporate,Office Supplies,Binders,3,150.24,0.1,34.12
1461,2024-12-22,East,Corporate,Technology,Machines,5,2784.44,0.1,50.2
1864,2024-12-23,East,Corporate,Office Supplies,Binders,7,328.87,0.0,67.05
1193,2024-12-23,South,Corporate,Office Supplies,Binders,3,180.17,0.2,17.31
974,2024-12-24,East,Corporate,Furniture,Bookcases,2,592.74,0.0,45.1
709,2024-12-24,West,Corporate,Furniture,Tables,9,1866.86,0.0,114.5
1878,2024-12-25,West,Corporate,Furniture,Bookcases,5,883.32,0.3,37.09
2589,2024-12-25,West,Consumer,Office Supplies,Paper,2,112.34,0.2,24.81
88,2024-12-25,South,Consumer,Technology,Accessories,7,3560.6,0.1,1022.12
2075,2024-12-25,East,Corporate,Technology,Accessories,1,260.47,0.15,-8.6
1023,2024-12-25,East,Corporate,Office Supplies,Storage,8,309.43,0.0,20.32
2805,2024-12-25,East,Consumer,Office Supplies,Paper,9,358.94,0.0,48.32
1760,2024-12-26,South,Home Office,Office Supplies,Storage,9,318.93,0.3,33.26
128,2024-12-26,South,Home Office,Technology,Machines,2,1177.13,0.15,234.25
2504,2024-12-26,West,Home Office,Technology,Machines,3,1460.22,0.1,389.22
1130,2024-12-26,South,Home Office,Furniture,Tables,3,1081.52,0.0,326.2
2166,2024-12-26,North,Corporate,Furniture,Tables,2,695.94,0.1,135.06
2917,2024-12-26,North,Home Office,Office Supplies,Binders,4,156.92,0.15,-5.41
871,2024-12-26,West,Home Office,Technology,Machines,5,1622.01,0.15,42.04
400,2024-12-27,East,Consumer,Technology,Accessories,5,2859.64,0.15,238.38
1286,2024-12-27,South,Corporate,Technology,Phones,2,881.92,0.3,72.34
1435,2024-12-27,North,Consumer,Office Supplies,Paper,3,148.73,0.1,28.06
2260,2024-12-27,South,Corporate,Office Supplies,Storage,1,29.13,0.0,5.63
1408,2024-12-27,North,Consumer,Furniture,Tables,4,1125.55,0.1,313.4
1307,2024-12-27,North,Corporate,Technology,Phones,2,975.97,0.1,7.87
1539,2024-12-27,South,Corporate,Office Supplies,Paper,4,221.08,0.0,65.23
84,2024-12-27,East,Corporate,Office Supplies,Storage,6,148.07,0.15,29.93
519,2024-12-27,East,Consumer,Furniture,Bookcases,6,973.51,0.1,229.6
125,2024-12-28,South,Corporate,Furniture,Bookcases,1,392.56,0.1,23.75
2716,2024-12-28,West,Consumer,Furniture,Chairs,8,1728.03,0.2,-61.69
1781,2024-12-29,North,Home Office,Office Supplies,Binders,2,93.04,0.0,27.0
534,2024-12-29,North,Consumer,Furniture,Bookcases,6,1158.3,0.1,165.82
556,2024-12-29,East,Corporate,Office Supplies,Storage,1,29.23,0.0,9.08
2818,2024-12-29,South,Corporate,Technology,Machines,8,3156.66,0.15,779.7
2853,2024-12-30,East,Consumer,Office Supplies,Binders,6,286.78,0.0,32.26
224,2024-12-30,East,Consumer,Technology,Machines,9,4688.96,0.1,1022.79
848,2024-12-30,South,Consumer,Office Supplies,Binders,4,162.15,0.0,50.75
76,2024-12-30,South,Consumer,Office Supplies,Storage,3,126.92,0.0,20.38
1668,2024-12-31,West,Corporate,Furniture,Chairs,8,2066.83,0.0,374.49
1326,2024-12-31,North,Consumer,Technology,Accessories,9,2305.0,0.0,396.22
2446,2024-12-31,West,Consumer,Furniture,Chairs,5,1329.23,0.1,327.84
2670,2024-12-31,East,Home Office,Office Supplies,Storage,4,222.18,0.3,24.65
